position,Track name,Artist name,Album,Playlist name,Type,ISRC,Spotify - id,spotify_track_id,spotify_uri,spotify_album,spotify_year,curated_year,status,notes
1,Saca el guisky cheli,Desmadre 75,¡Aqui esta el Güiski Cheli!,HITSTER - DIY,Playlist,ES5079700332,1or7R43FPk2oyNed5oTeOJ,1or7R43FPk2oyNed5oTeOJ,spotify:track:1or7R43FPk2oyNed5oTeOJ,¡Aqui esta el Güiski Cheli!,,1975,pending,
2,Sweet Child O' Mine,Guns N' Roses,Appetite For Destruction,HITSTER - DIY,Playlist,USGF18714809,7o2CTH4ctstm8TNelqjb51,7o2CTH4ctstm8TNelqjb51,spotify:track:7o2CTH4ctstm8TNelqjb51,Appetite For Destruction,,1987,pending,
3,Under Pressure - Remastered 2011,Queen,Hot Space (2011 Remaster),HITSTER - DIY,Playlist,GBUM71029622,2fuCquhmrzHpu5xcA1ci9x,2fuCquhmrzHpu5xcA1ci9x,spotify:track:2fuCquhmrzHpu5xcA1ci9x,Hot Space (2011 Remaster),,1981,review,Posible remaster/compilación/edición especial; revisar año original para curated_year.
4,Quisiera ser,Duo Dinamico,20 Exitos De Oro,HITSTER - DIY,Playlist,ES5086100460,7inx0uAxXtUiyVuvoZRsc7,7inx0uAxXtUiyVuvoZRsc7,spotify:track:7inx0uAxXtUiyVuvoZRsc7,20 Exitos De Oro,,1961,pending,
5,Cómo Te Atreves,Morat,Sobre El Amor Y Sus Efectos Secundarios,HITSTER - DIY,Playlist,ES5701501180,7M6CFruBrM5x7u0lTMtm6r,7M6CFruBrM5x7u0lTMtm6r,spotify:track:7M6CFruBrM5x7u0lTMtm6r,Sobre El Amor Y Sus Efectos Secundarios,,2015,pending,
6,I'm an Albatraoz,AronChupa,I'm an Albatraoz,HITSTER - DIY,Playlist,SEYOK1406001,5MhsZlmKJG6X5kTHkdwC4B,5MhsZlmKJG6X5kTHkdwC4B,spotify:track:5MhsZlmKJG6X5kTHkdwC4B,I'm an Albatraoz,,2014,pending,
7,Dilemma (feat. Kelly Rowland),Nelly,Simply Deep,HITSTER - DIY,Playlist,USSM10211190,14MgTooapmJdLlEMAr2zAM,14MgTooapmJdLlEMAr2zAM,spotify:track:14MgTooapmJdLlEMAr2zAM,Simply Deep,,2002,pending,
8,Nothing Compares 2 U,Sinéad O'Connor,I Do Not Want What I Haven't Got,HITSTER - DIY,Playlist,GBAYK9000017,3nvuPQTw2zuFAVuLsC9IYQ,3nvuPQTw2zuFAVuLsC9IYQ,spotify:track:3nvuPQTw2zuFAVuLsC9IYQ,I Do Not Want What I Haven't Got,,1990,pending,
9,Ice Ice Baby,Vanilla Ice,To The Extreme,HITSTER - DIY,Playlist,USSB29000129,11d9oUiwHuYt216EFA2tiz,11d9oUiwHuYt216EFA2tiz,spotify:track:11d9oUiwHuYt216EFA2tiz,To The Extreme,,1990,pending,
10,"Amor, Amor",Lolita,Mis Recuerdos,HITSTER - DIY,Playlist,QMDA61376637,6lGrDctccq26IsZ2MDTxZU,6lGrDctccq26IsZ2MDTxZU,spotify:track:6lGrDctccq26IsZ2MDTxZU,Mis Recuerdos,,1975,pending,
11,With A Little Help From My Friends,Joe Cocker,With A Little Help From My Friends,HITSTER - DIY,Playlist,USAM16800382,0YZ3J8xzGwLOg4yEgST1YK,0YZ3J8xzGwLOg4yEgST1YK,spotify:track:0YZ3J8xzGwLOg4yEgST1YK,With A Little Help From My Friends,,1968,pending,
12,Lambada - Version 1989,Kaoma,Lambada (Version 1989),HITSTER - DIY,Playlist,FR6V89602629,32gpJnMZkRafZdQvU7ZzR7,32gpJnMZkRafZdQvU7ZzR7,spotify:track:32gpJnMZkRafZdQvU7ZzR7,Lambada (Version 1989),,1989,review,Posible remaster/compilación/edición especial; revisar año original para curated_year.
13,Self Control,Laura Branigan,Self Control,HITSTER - DIY,Playlist,USAT20903047,6JNJERZGJwDVgkmbohBw7u,6JNJERZGJwDVgkmbohBw7u,spotify:track:6JNJERZGJwDVgkmbohBw7u,Self Control,,1984,pending,
14,Dancing In the Dark,Bruce Springsteen,Born In The U.S.A.,HITSTER - DIY,Playlist,USSM18400416,7FwBtcecmlpc1sLySPXeGE,7FwBtcecmlpc1sLySPXeGE,spotify:track:7FwBtcecmlpc1sLySPXeGE,Born In The U.S.A.,,1984,pending,
15,Bailar Pegados,Sergio Dalma,Sintiendonos La Piel,HITSTER - DIY,Playlist,ES5709904216,4QkQmdvFjEVvjc1ONi6t6N,4QkQmdvFjEVvjc1ONi6t6N,spotify:track:4QkQmdvFjEVvjc1ONi6t6N,Sintiendonos La Piel,,1991,pending,
16,Caminando por la vida,Melendi,Que El Cielo Espere Sentao..,HITSTER - DIY,Playlist,ES5080600400,3v1dCP3hk2djfWryqfp7sx,3v1dCP3hk2djfWryqfp7sx,spotify:track:3v1dCP3hk2djfWryqfp7sx,Que El Cielo Espere Sentao..,,2005,pending,
17,Africa,TOTO,Toto IV,HITSTER - DIY,Playlist,USSM19801941,2374M0fQpWi3dLnB54qaLX,2374M0fQpWi3dLnB54qaLX,spotify:track:2374M0fQpWi3dLnB54qaLX,Toto IV,,1982,pending,
18,She Drives Me Crazy,Fine Young Cannibals,The Raw & The Cooked,HITSTER - DIY,Playlist,USRH10901907,4d6eqRtpDX7tydHJGDZUBQ,4d6eqRtpDX7tydHJGDZUBQ,spotify:track:4d6eqRtpDX7tydHJGDZUBQ,The Raw & The Cooked,,1988,pending,
19,La Isla del Amor (feat. Maki),Demarco Flamenco,Uno,HITSTER - DIY,Playlist,ES5151602578,0Gw9QC3RqHmTdGqHIWLHb6,0Gw9QC3RqHmTdGqHIWLHb6,spotify:track:0Gw9QC3RqHmTdGqHIWLHb6,Uno,,2017,pending,
20,(What A) Wonderful World - Mono,Sam Cooke,The Wonderful World Of Sam Cooke,HITSTER - DIY,Playlist,USA171920056,2G0GextMwZJLkNxcSZ7ZJ3,2G0GextMwZJLkNxcSZ7ZJ3,spotify:track:2G0GextMwZJLkNxcSZ7ZJ3,The Wonderful World Of Sam Cooke,,1960,review,Posible remaster/compilación/edición especial; revisar año original para curated_year.
21,La Bicicleta,Carlos Vives,VIVES,HITSTER - DIY,Playlist,USSD11600112,0Gx4VrHzS7pZOEAGrmXXBH,0Gx4VrHzS7pZOEAGrmXXBH,spotify:track:0Gx4VrHzS7pZOEAGrmXXBH,VIVES,,2016,pending,
22,Scars To Your Beautiful,Alessia Cara,Know-It-All (Deluxe),HITSTER - DIY,Playlist,USUM71506811,42ydLwx4i5V49RXHOozJZq,42ydLwx4i5V49RXHOozJZq,spotify:track:42ydLwx4i5V49RXHOozJZq,Know-It-All (Deluxe),,2015,review,Posible remaster/compilación/edición especial; revisar año original para curated_year.
23,Dile - Remastered,Luis Aguile,Luis Aguilé. Todas Sus Canciones Del Verano Vol.3,HITSTER - DIY,Playlist,ES6340901321,7lnlxvKtaHz3JqGxZDl6Wy,7lnlxvKtaHz3JqGxZDl6Wy,spotify:track:7lnlxvKtaHz3JqGxZDl6Wy,Luis Aguilé. Todas Sus Canciones Del Verano Vol.3,,1963,review,Posible remaster/compilación/edición especial; revisar año original para curated_year.
24,Call Me Maybe,Carly Rae Jepsen,Kiss,HITSTER - DIY,Playlist,CAB391100615,20I6sIOMTCkB6w7ryavxtO,20I6sIOMTCkB6w7ryavxtO,spotify:track:20I6sIOMTCkB6w7ryavxtO,Kiss,,2011,pending,
25,Se fué,Laura Pausini,Laura Pausini - Spanish Version,HITSTER - DIY,Playlist,ITR009401391,5oQadhkuEdEhtdVn0QceyZ,5oQadhkuEdEhtdVn0QceyZ,spotify:track:5oQadhkuEdEhtdVn0QceyZ,Laura Pausini - Spanish Version,,1993,review,Posible remaster/compilación/edición especial; revisar año original para curated_year.
26,Wonderwall,Oasis,(What's The Story) Morning Glory?,HITSTER - DIY,Playlist,GBAAW9500189,1qPbGZqppFwLwcBC1JQ6Vr,1qPbGZqppFwLwcBC1JQ6Vr,spotify:track:1qPbGZqppFwLwcBC1JQ6Vr,(What's The Story) Morning Glory?,,1995,pending,
27,Cheap Thrills,Sia,This Is Acting,HITSTER - DIY,Playlist,USRC11502935,27SdWb2rFzO6GWiYDBTD9j,27SdWb2rFzO6GWiYDBTD9j,spotify:track:27SdWb2rFzO6GWiYDBTD9j,This Is Acting,,2015,pending,
28,Super Freak,Rick James,Street Songs,HITSTER - DIY,Playlist,USMO18100048,5vFFwU909VMZIBA7sZPtW0,5vFFwU909VMZIBA7sZPtW0,spotify:track:5vFFwU909VMZIBA7sZPtW0,Street Songs,,1981,pending,
29,Hey Ya!,Outkast,Speakerboxxx/The Love Below,HITSTER - DIY,Playlist,USAR10300924,2PpruBYCo4H7WOBJ7Q2EwM,2PpruBYCo4H7WOBJ7Q2EwM,spotify:track:2PpruBYCo4H7WOBJ7Q2EwM,Speakerboxxx/The Love Below,,2003,pending,
30,I Can Help,Billy Swan,The Best Of Billy Swan,HITSTER - DIY,Playlist,USSM17400216,4oW1lGOw5Q5OLvoJv92qoE,4oW1lGOw5Q5OLvoJv92qoE,spotify:track:4oW1lGOw5Q5OLvoJv92qoE,The Best Of Billy Swan,,1974,pending,
31,Colgando en tus manos (con Marta Sánchez),Carlos Baute,De mi puño y letra - Edicion Coleccionista,HITSTER - DIY,Playlist,ES5150801314,3UI9I3e1g1y5T3SMfdgfGO,3UI9I3e1g1y5T3SMfdgfGO,spotify:track:3UI9I3e1g1y5T3SMfdgfGO,De mi puño y letra - Edicion Coleccionista,,2008,pending,
32,Black is Black,Los Bravos,Los Bravos,HITSTER - DIY,Playlist,ES5020100301,4uaffKRsN1NEQWVmkwMDAZ,4uaffKRsN1NEQWVmkwMDAZ,spotify:track:4uaffKRsN1NEQWVmkwMDAZ,Los Bravos,,1966,pending,
33,We Are Family - 1995 Remaster,Sister Sledge,We Are Family (1995 Remaster),HITSTER - DIY,Playlist,USAT20102166,5IKLwqBQG6KU6MP2zP80Nu,5IKLwqBQG6KU6MP2zP80Nu,spotify:track:5IKLwqBQG6KU6MP2zP80Nu,We Are Family (1995 Remaster),,1979,review,Posible remaster/compilación/edición especial; revisar año original para curated_year.
34,Un Ramito de Violetas,Cecilia,Esencial Cecilia,HITSTER - DIY,Playlist,ES5117500009,3lpF8AbTteK4bXXZMhm31n,3lpF8AbTteK4bXXZMhm31n,spotify:track:3lpF8AbTteK4bXXZMhm31n,Esencial Cecilia,,1974,pending,
35,Soy rebelde,Jeanette,Porque te vas,HITSTER - DIY,Playlist,ES5099800385,1oaPnvUccVzyjsKFkuE7oA,1oaPnvUccVzyjsKFkuE7oA,spotify:track:1oaPnvUccVzyjsKFkuE7oA,Porque te vas,,1971,pending,
36,Gloria,Umberto Tozzi,Gloria,HITSTER - DIY,Playlist,ITR007900051,35tzxthMBglBMjmZ7Fn1hj,35tzxthMBglBMjmZ7Fn1hj,spotify:track:35tzxthMBglBMjmZ7Fn1hj,Gloria,,1979,pending,
37,"(I've Had) The Time of My Life - From ""Dirty Dancing"" Soundtrack",Bill Medley,Platinum & Gold Collection,HITSTER - DIY,Playlist,USRC10300895,4BFMQ15vXr626UOoZL8bUI,4BFMQ15vXr626UOoZL8bUI,spotify:track:4BFMQ15vXr626UOoZL8bUI,Platinum & Gold Collection,,1987,review,Posible remaster/compilación/edición especial; revisar año original para curated_year.
38,Celebration,Kool & The Gang,Celebrate!,HITSTER - DIY,Playlist,USPR38007190,3K7Q9PHUWPTaknlbFPThn2,3K7Q9PHUWPTaknlbFPThn2,spotify:track:3K7Q9PHUWPTaknlbFPThn2,Celebrate!,,1980,pending,
39,Shout,Tears For Fears,Songs From The Big Chair,HITSTER - DIY,Playlist,GBF088490125,2gQaQUhDCNGfBVXTvxAmXQ,2gQaQUhDCNGfBVXTvxAmXQ,spotify:track:2gQaQUhDCNGfBVXTvxAmXQ,Songs From The Big Chair,,1984,pending,
40,bad guy,Billie Eilish,"WHEN WE ALL FALL ASLEEP, WHERE DO WE GO?",HITSTER - DIY,Playlist,USUM71900764,2Fxmhks0bxGSBdJ92vM42m,2Fxmhks0bxGSBdJ92vM42m,spotify:track:2Fxmhks0bxGSBdJ92vM42m,"WHEN WE ALL FALL ASLEEP, WHERE DO WE GO?",,2019,pending,
41,Everybody Hurts,R.E.M.,Automatic For The People,HITSTER - DIY,Playlist,USWB19901548,6PypGyiu0Y2lCDBN1XZEnP,6PypGyiu0Y2lCDBN1XZEnP,spotify:track:6PypGyiu0Y2lCDBN1XZEnP,Automatic For The People,,1992,pending,
42,Resistiré,Duo Dinamico,En Forma,HITSTER - DIY,Playlist,ES5110002956,2oI6d7XcMz1AMTQhDopV5J,2oI6d7XcMz1AMTQhDopV5J,spotify:track:2oI6d7XcMz1AMTQhDopV5J,En Forma,,1988,pending,
43,Dime Que Me Quieres,Tequila,Viva Tequila/New Booklet,HITSTER - DIY,Playlist,ES5109900077,2IofpcCv3PjgZ5AjX446fi,2IofpcCv3PjgZ5AjX446fi,spotify:track:2IofpcCv3PjgZ5AjX446fi,Viva Tequila/New Booklet,,1979,pending,
44,Pajaros de Barro,Manolo Garcia,Arena En Los Bolsillos,HITSTER - DIY,Playlist,ES5029800161,4B6ko7lt1sUtyFzBDF4yfK,4B6ko7lt1sUtyFzBDF4yfK,spotify:track:4B6ko7lt1sUtyFzBDF4yfK,Arena En Los Bolsillos,,1998,pending,
45,When a Man Loves a Woman - Mono,Percy Sledge,When a Man Loves a Woman (Mono),HITSTER - DIY,Playlist,USAT21403476,2mTiKaGdMPA4wfOGGUroE5,2mTiKaGdMPA4wfOGGUroE5,spotify:track:2mTiKaGdMPA4wfOGGUroE5,When a Man Loves a Woman (Mono),,1966,review,Posible remaster/compilación/edición especial; revisar año original para curated_year.
46,"Marta, Sebas, Guille y los demás",Amaral,Pájaros En La Cabeza,HITSTER - DIY,Playlist,ES5080500025,30ddpolNHwXlrS5XO8MiiO,30ddpolNHwXlrS5XO8MiiO,spotify:track:30ddpolNHwXlrS5XO8MiiO,Pájaros En La Cabeza,,2005,pending,
47,Libre,Nino Bravo,Super 20,HITSTER - DIY,Playlist,ES6009500067,1uAjXdRxH2PBCKGSWPagGJ,1uAjXdRxH2PBCKGSWPagGJ,spotify:track:1uAjXdRxH2PBCKGSWPagGJ,Super 20,,1972,pending,
48,Bitter Sweet Symphony - Remastered 2016,The Verve,Urban Hymns (Remastered 2016),HITSTER - DIY,Playlist,GBUM71601816,57iDDD9N9tTWe75x6qhStw,57iDDD9N9tTWe75x6qhStw,spotify:track:57iDDD9N9tTWe75x6qhStw,Urban Hymns (Remastered 2016),,1997,review,Posible remaster/compilación/edición especial; revisar año original para curated_year.
49,I Wanna Dance with Somebody (Who Loves Me),Whitney Houston,Whitney,HITSTER - DIY,Playlist,USAR18700121,2tUBqZG2AbRi7Q0BIrVrEj,2tUBqZG2AbRi7Q0BIrVrEj,spotify:track:2tUBqZG2AbRi7Q0BIrVrEj,Whitney,,1987,pending,
50,Zapatillas,El Canto Del Loco,Zapatillas,HITSTER - DIY,Playlist,ES5020500100,42VgiRyg0YjtRVLiPFNxPJ,42VgiRyg0YjtRVLiPFNxPJ,spotify:track:42VgiRyg0YjtRVLiPFNxPJ,Zapatillas,,2005,pending,
51,Guajira Guantanamera,Joseito Fernández,Guajira Guantanamera,HITSTER - DIY,Playlist,FR6V81371636,0KMGf0ebdR8aazf1PoHEdb,0KMGf0ebdR8aazf1PoHEdb,spotify:track:0KMGf0ebdR8aazf1PoHEdb,Guajira Guantanamera,,1928,pending,
52,Mi Gente,J Balvin,Vibras,HITSTER - DIY,Playlist,FR22F1701790,7COfe3P7KgfwDwIRB8LIDw,7COfe3P7KgfwDwIRB8LIDw,spotify:track:7COfe3P7KgfwDwIRB8LIDw,Vibras,,2017,pending,
53,Waka Waka (This Time for Africa) [The Official 2010 FIFA World Cup (TM) Song] (feat. Freshlyground),Shakira,Waka Waka (This Time for Africa) [The Official 2010 FIFA World Cup (TM) Song] (feat. Freshlyground),HITSTER - DIY,Playlist,USSM11001353,2Cd9iWfcOpGDHLz6tVA3G4,2Cd9iWfcOpGDHLz6tVA3G4,spotify:track:2Cd9iWfcOpGDHLz6tVA3G4,Waka Waka (This Time for Africa) [The Official 2010 FIFA World Cup (TM) Song] (feat. Freshlyground),,2010,pending,
54,It's a Heartache,Bonnie Tyler,It's a Heartache,HITSTER - DIY,Playlist,GBAJE7700003,2pag2vElkdroT8hIO4Gozi,2pag2vElkdroT8hIO4Gozi,spotify:track:2pag2vElkdroT8hIO4Gozi,It's a Heartache,,1977,pending,
55,La Felicidad,Palito Ortega,Colecccion de Oro,HITSTER - DIY,Playlist,MXF330911265,2Hdf9j4LFuisyOpf9ZjNbC,2Hdf9j4LFuisyOpf9ZjNbC,spotify:track:2Hdf9j4LFuisyOpf9ZjNbC,Colecccion de Oro,,1967,pending,
56,Malo,Bebe,Pafuera Telarañas,HITSTER - DIY,Playlist,ES5030400005,3JFFnk9XQ9PKNd6ueBc2RK,3JFFnk9XQ9PKNd6ueBc2RK,spotify:track:3JFFnk9XQ9PKNd6ueBc2RK,Pafuera Telarañas,,2004,pending,
57,Cotton Eye Joe,Rednex,Sex & Violins,HITSTER - DIY,Playlist,DEA319600881,06hsdMbBxWGqBO0TV0Zrkf,06hsdMbBxWGqBO0TV0Zrkf,spotify:track:06hsdMbBxWGqBO0TV0Zrkf,Sex & Violins,,1994,pending,
58,Wrecking Ball,Miley Cyrus,Bangerz (Deluxe Version),HITSTER - DIY,Playlist,USRC11301214,2vwlzO0Qp8kfEtzTsCXfyE,2vwlzO0Qp8kfEtzTsCXfyE,spotify:track:2vwlzO0Qp8kfEtzTsCXfyE,Bangerz (Deluxe Version),,2013,review,Posible remaster/compilación/edición especial; revisar año original para curated_year.
59,Barbie Girl,Aqua,Aquarium (Special Edition),HITSTER - DIY,Playlist,DKBKA9700403,5ZrDlcxIDZyjOzHdYW1ydr,5ZrDlcxIDZyjOzHdYW1ydr,spotify:track:5ZrDlcxIDZyjOzHdYW1ydr,Aquarium (Special Edition),,1997,review,Posible remaster/compilación/edición especial; revisar año original para curated_year.
60,All About That Bass,Meghan Trainor,Title (Deluxe),HITSTER - DIY,Playlist,USSM11401317,5jE48hhRu8E6zBDPRSkEq7,5jE48hhRu8E6zBDPRSkEq7,spotify:track:5jE48hhRu8E6zBDPRSkEq7,Title (Deluxe),,2014,review,Posible remaster/compilación/edición especial; revisar año original para curated_year.
61,Un Rayo de Sol,Los Diablos,70s los Anos Jovenes - la Coleccion,HITSTER - DIY,Playlist,ES5379900620,6mUQ6NW9WRcCuSsi4kzdlf,6mUQ6NW9WRcCuSsi4kzdlf,spotify:track:6mUQ6NW9WRcCuSsi4kzdlf,70s los Anos Jovenes - la Coleccion,,1970,pending,
62,I Got You Babe,Sonny & Cher,Look At Us,HITSTER - DIY,Playlist,USAT27500019,4SGBuq37Ol4HJr7pQqFMKa,4SGBuq37Ol4HJr7pQqFMKa,spotify:track:4SGBuq37Ol4HJr7pQqFMKa,Look At Us,,1965,pending,
63,Vivir Así Es Morir de Amor,Camilo Sesto,Sentimientos,HITSTER - DIY,Playlist,ES5027800014,3yzHIAzk3zVE1WgspS8W21,3yzHIAzk3zVE1WgspS8W21,spotify:track:3yzHIAzk3zVE1WgspS8W21,Sentimientos,,1978,pending,
64,"Yes Sir, I Can Boogie",Baccara,The Collection & Tracklisting,HITSTER - DIY,Playlist,DEC760000065,2LScqpywMqGcnum6nNaxXX,2LScqpywMqGcnum6nNaxXX,spotify:track:2LScqpywMqGcnum6nNaxXX,The Collection & Tracklisting,,1977,review,Posible remaster/compilación/edición especial; revisar año original para curated_year.
65,Bailando - Spanish Version,Enrique Iglesias,SEX AND LOVE,HITSTER - DIY,Playlist,GBUM71400955,0bEA0mMgXheXnahvIbIQfg,0bEA0mMgXheXnahvIbIQfg,spotify:track:0bEA0mMgXheXnahvIbIQfg,SEX AND LOVE,,2014,pending,
66,Fireflies,Owl City,Ocean Eyes,HITSTER - DIY,Playlist,USUM70972068,3DamFFqW32WihKkTVlwTYQ,3DamFFqW32WihKkTVlwTYQ,spotify:track:3DamFFqW32WihKkTVlwTYQ,Ocean Eyes,,2009,pending,
67,Genie In a Bottle,Christina Aguilera,Christina Aguilera (Expanded Edition),HITSTER - DIY,Playlist,USRC19900032,11mwFrKvLXCbcVGNxffGyP,11mwFrKvLXCbcVGNxffGyP,spotify:track:11mwFrKvLXCbcVGNxffGyP,Christina Aguilera (Expanded Edition),,1999,review,Posible remaster/compilación/edición especial; revisar año original para curated_year.
68,The Best,Tina Turner,Foreign Affair,HITSTER - DIY,Playlist,USCA28900109,6pPWRBubXOBAHnjl5ZIujB,6pPWRBubXOBAHnjl5ZIujB,spotify:track:6pPWRBubXOBAHnjl5ZIujB,Foreign Affair,,1989,pending,
69,"My Heart Will Go On - Love Theme from ""Titanic""",Céline Dion,Let's Talk About Love,HITSTER - DIY,Playlist,CAC229700120,33LC84JgLvK2KuW43MfaNq,33LC84JgLvK2KuW43MfaNq,spotify:track:33LC84JgLvK2KuW43MfaNq,Let's Talk About Love,,1997,pending,
70,Volando Voy,Kiko Veneno,Echate Un Cantecito,HITSTER - DIY,Playlist,ES5029400474,1Hud0EePGdcqcHIIDksq3R,1Hud0EePGdcqcHIIDksq3R,spotify:track:1Hud0EePGdcqcHIIDksq3R,Echate Un Cantecito,,1979,pending,
71,Danza Kuduro,Don Omar,Fast Five (Original Motion Picture Soundtrack),HITSTER - DIY,Playlist,USUM71020778,4sCSUQnWQ6HJsOMjfPicdn,4sCSUQnWQ6HJsOMjfPicdn,spotify:track:4sCSUQnWQ6HJsOMjfPicdn,Fast Five (Original Motion Picture Soundtrack),,2010,review,Posible remaster/compilación/edición especial; revisar año original para curated_year.
72,Firework,Katy Perry,Teenage Dream,HITSTER - DIY,Playlist,USCA21001262,1mXuMM6zjPgjL4asbBsgnt,1mXuMM6zjPgjL4asbBsgnt,spotify:track:1mXuMM6zjPgjL4asbBsgnt,Teenage Dream,,2010,pending,
73,Knock On Wood,Amii Stewart,Greatest Hits,HITSTER - DIY,Playlist,USA561379853,6120uJUyg6QDzaAJUosTx5,6120uJUyg6QDzaAJUosTx5,spotify:track:6120uJUyg6QDzaAJUosTx5,Greatest Hits,,1979,review,Posible remaster/compilación/edición especial; revisar año original para curated_year.
74,Chacachá del tren (remastered),Hermanas Fleta,Hermanas Fleta Vol.1 (1952-1955),HITSTER - DIY,Playlist,ES6150500081,1FjyT8FTmnvelt4dNwp2Jx,1FjyT8FTmnvelt4dNwp2Jx,spotify:track:1FjyT8FTmnvelt4dNwp2Jx,Hermanas Fleta Vol.1 (1952-1955),,1951,review,Posible remaster/compilación/edición especial; revisar año original para curated_year.
75,Don't Go,Yazoo,Upstairs at Eric's,HITSTER - DIY,Playlist,GBAJH9600227,5JOVSWohrjXW0BFTboh8XO,5JOVSWohrjXW0BFTboh8XO,spotify:track:5JOVSWohrjXW0BFTboh8XO,Upstairs at Eric's,,1982,pending,
76,"Rigoletto: ""La Donna E' Mobile""",Enrico Caruso,"The Gramophone Classics, Vol. 1",HITSTER - DIY,Playlist,ITA731100419,7idTMG6EKZy0531lIx8RJ5,7idTMG6EKZy0531lIx8RJ5,spotify:track:7idTMG6EKZy0531lIx8RJ5,"The Gramophone Classics, Vol. 1",,1902,pending,
77,Despacito,Luis Fonsi,VIDA,HITSTER - DIY,Playlist,USUM71607007,6habFhsOp2NvshLv26DqMb,6habFhsOp2NvshLv26DqMb,spotify:track:6habFhsOp2NvshLv26DqMb,VIDA,,2017,pending,
78,Smells Like Teen Spirit,Nirvana,Nevermind (Remastered),HITSTER - DIY,Playlist,USGF19942501,4CeeEOM32jQcH3eN9Q2dGj,4CeeEOM32jQcH3eN9Q2dGj,spotify:track:4CeeEOM32jQcH3eN9Q2dGj,Nevermind (Remastered),,1991,review,Posible remaster/compilación/edición especial; revisar año original para curated_year.
79,Me Gustas Mucho,Rocío Dúrcal,Mis Mejores Canciones,HITSTER - DIY,Playlist,MXF019100120,2i7SlECYIAsT72FpLUU1Uj,2i7SlECYIAsT72FpLUU1Uj,spotify:track:2i7SlECYIAsT72FpLUU1Uj,Mis Mejores Canciones,,1978,pending,
80,Hay que venir al sur,Raffaela Carrá,Las 101 mejores canciones Italianas,HITSTER - DIY,Playlist,ITM000102377,1kXTqAV4IshAbOQpWl9PkE,1kXTqAV4IshAbOQpWl9PkE,spotify:track:1kXTqAV4IshAbOQpWl9PkE,Las 101 mejores canciones Italianas,,1978,pending,
81,Lola,The Kinks,"Lola Versus Powerman and the Moneygoround, Pt. One",HITSTER - DIY,Playlist,GBAJE0701939,0UAJH0k4k3slcE83a9UGCe,0UAJH0k4k3slcE83a9UGCe,spotify:track:0UAJH0k4k3slcE83a9UGCe,"Lola Versus Powerman and the Moneygoround, Pt. One",,1970,pending,
82,"Lo Que Pasó, Pasó",Daddy Yankee,Barrio Fino (Bonus Track Version),HITSTER - DIY,Playlist,QM6N21759345,6z5Xrx58p5Bs18RIe6KXbI,6z5Xrx58p5Bs18RIe6KXbI,spotify:track:6z5Xrx58p5Bs18RIe6KXbI,Barrio Fino (Bonus Track Version),,2004,review,Posible remaster/compilación/edición especial; revisar año original para curated_year.
83,In the Mood - 2006 Remastered Version,Glenn Miller,In the Mood,HITSTER - DIY,Playlist,FR14F3900390,0wAyDBh0ujohCsYeXBtDLF,0wAyDBh0ujohCsYeXBtDLF,spotify:track:0wAyDBh0ujohCsYeXBtDLF,In the Mood,,1939,review,Posible remaster/compilación/edición especial; revisar año original para curated_year.
84,Amante Bandido,Miguel Bosé,Bandido,HITSTER - DIY,Playlist,NLB638490150,1hj6nYHeGclSY0VNTHMi27,1hj6nYHeGclSY0VNTHMi27,spotify:track:1hj6nYHeGclSY0VNTHMi27,Bandido,,1984,pending,
85,Closer,The Chainsmokers,Closer,HITSTER - DIY,Playlist,USQX91601347,7BKLCZ1jbUBVqRi2FVlTVw,7BKLCZ1jbUBVqRi2FVlTVw,spotify:track:7BKLCZ1jbUBVqRi2FVlTVw,Closer,,2016,pending,
86,World Hold on (Children of the Sky) [Radio Edit],Bob Sinclar,World Hold on (Children of the Sky) [Radio Edit],HITSTER - DIY,Playlist,FR4E41811690,1c0zagykmGPDYuxJeDqZhJ,1c0zagykmGPDYuxJeDqZhJ,spotify:track:1c0zagykmGPDYuxJeDqZhJ,World Hold on (Children of the Sky) [Radio Edit],,2006,review,Posible remaster/compilación/edición especial; revisar año original para curated_year.
87,"I Like To Move It (feat. The Mad Stuntman) - Erick ""More"" Album Mix",Reel 2 Real,Move It!,HITSTER - DIY,Playlist,QMRSZ1800990,6dHTkQYY3zdR9i9Nj0IGVW,6dHTkQYY3zdR9i9Nj0IGVW,spotify:track:6dHTkQYY3zdR9i9Nj0IGVW,Move It!,,1993,pending,
88,Tu Enemigo,Pablo López,El Mundo Y Los Amantes Inocentes,HITSTER - DIY,Playlist,ES5701500970,5tsDJt6Riyi26vowpb6FLs,5tsDJt6Riyi26vowpb6FLs,spotify:track:5tsDJt6Riyi26vowpb6FLs,El Mundo Y Los Amantes Inocentes,,2015,pending,
89,Friday I'm In Love,The Cure,Wish,HITSTER - DIY,Playlist,GBALB9200002,4QlzkaRHtU8gAdwqjWmO8n,4QlzkaRHtU8gAdwqjWmO8n,spotify:track:4QlzkaRHtU8gAdwqjWmO8n,Wish,,1992,pending,
90,Tengo una Debilidad,Antonio Machín,Angelitos Negros,HITSTER - DIY,Playlist,FR6V81371799,7egg6pLQbewWGalcr241Rz,7egg6pLQbewWGalcr241Rz,spotify:track:7egg6pLQbewWGalcr241Rz,Angelitos Negros,,1963,pending,
91,Salta!!!,Tequila,Confidencial/New Booklet,HITSTER - DIY,Playlist,ES5109900073,0M2tanh26PWePnaGVV3h3y,0M2tanh26PWePnaGVV3h3y,spotify:track:0M2tanh26PWePnaGVV3h3y,Confidencial/New Booklet,,1981,pending,
92,No me importa nada,Luz Casal,Luz V,HITSTER - DIY,Playlist,ES5088903448,77eDrs7w2utSdbBdpbefol,77eDrs7w2utSdbBdpbefol,spotify:track:77eDrs7w2utSdbBdpbefol,Luz V,,1989,pending,
93,Never Ending Story,Limahl,Don't Suppose,HITSTER - DIY,Playlist,GBAYE8400104,1F43XlPBiwAUUIhrUGzylO,1F43XlPBiwAUUIhrUGzylO,spotify:track:1F43XlPBiwAUUIhrUGzylO,Don't Suppose,,1984,pending,
94,Mi Carro,Manolo Escobar,"La Copla, Vol.4",HITSTER - DIY,Playlist,ES5378900022,0Uzf6J45f8K4qaVppjVb6N,0Uzf6J45f8K4qaVppjVb6N,spotify:track:0Uzf6J45f8K4qaVppjVb6N,"La Copla, Vol.4",,1969,pending,
95,Aquí No Hay Playa,The Refrescos,The Refrescos,HITSTER - DIY,Playlist,ES5709900391,4PRJD9T23GQKQYKhJQcGGY,4PRJD9T23GQKQYKhJQcGGY,spotify:track:4PRJD9T23GQKQYKhJQcGGY,The Refrescos,,1989,pending,
96,Fly Away,Lenny Kravitz,5,HITSTER - DIY,Playlist,USVI29800169,1OxcIUqVmVYxT6427tbhDW,1OxcIUqVmVYxT6427tbhDW,spotify:track:1OxcIUqVmVYxT6427tbhDW,5,,1998,pending,
97,All That She Wants,Ace of Base,The Sign,HITSTER - DIY,Playlist,SEVJH0803401,6kWJvPfC4DgUpRsXKNa9z9,6kWJvPfC4DgUpRsXKNa9z9,spotify:track:6kWJvPfC4DgUpRsXKNa9z9,The Sign,,1992,pending,
98,Lean On,Major Lazer,Peace Is The Mission : Extended,HITSTER - DIY,Playlist,QMUY41500008,2YWjW3wwQIBLNhxWKBQd16,2YWjW3wwQIBLNhxWKBQd16,spotify:track:2YWjW3wwQIBLNhxWKBQd16,Peace Is The Mission : Extended,,2015,pending,
99,Lovefool,The Cardigans,First Band On The Moon (Remastered),HITSTER - DIY,Playlist,SEBKB9629380,7aQjPecQdIuNd1sz3KCDhD,7aQjPecQdIuNd1sz3KCDhD,spotify:track:7aQjPecQdIuNd1sz3KCDhD,First Band On The Moon (Remastered),,1996,review,Posible remaster/compilación/edición especial; revisar año original para curated_year.
100,Mi gran noche,Raphael,Digan Lo Que Digan: Banda Sonora Original De La Pe,HITSTER - DIY,Playlist,ES5086900217,6Tnnk7MAnZiDx67DJN2hnx,6Tnnk7MAnZiDx67DJN2hnx,spotify:track:6Tnnk7MAnZiDx67DJN2hnx,Digan Lo Que Digan: Banda Sonora Original De La Pe,,1967,pending,
101,La Revolución Sexual,La Casa Azul,La Revolución Sexual,HITSTER - DIY,Playlist,ES6640700035,5zHvsFZoCzLmhbRbYDkg42,5zHvsFZoCzLmhbRbYDkg42,spotify:track:5zHvsFZoCzLmhbRbYDkg42,La Revolución Sexual,,2007,pending,
102,Flashdance...What a Feeling - Radio Edit,Irene Cara,What a Feelin',HITSTER - DIY,Playlist,CAU118300354,3cbV252akVZInSvJk7jAYX,3cbV252akVZInSvJk7jAYX,spotify:track:3cbV252akVZInSvJk7jAYX,What a Feelin',,1983,review,Posible remaster/compilación/edición especial; revisar año original para curated_year.
103,A Thousand Miles,Vanessa Carlton,Be Not Nobody,HITSTER - DIY,Playlist,USIR10210955,4w1lzcaoZ1IC2K5TwjalRP,4w1lzcaoZ1IC2K5TwjalRP,spotify:track:4w1lzcaoZ1IC2K5TwjalRP,Be Not Nobody,,2002,pending,
104,Veneno en la Piel,Radio Futura,Veneno En La Piel,HITSTER - DIY,Playlist,ES5029000015,4oCGALJSQZxLnsnPPgShln,4oCGALJSQZxLnsnPPgShln,spotify:track:4oCGALJSQZxLnsnPPgShln,Veneno En La Piel,,1990,pending,
105,Soy minero,Antonio Molina,Antonio Molina Y El Cine,HITSTER - DIY,Playlist,ES5085505776,2uQPeyP4Y15jrlJbc5SRwm,2uQPeyP4Y15jrlJbc5SRwm,spotify:track:2uQPeyP4Y15jrlJbc5SRwm,Antonio Molina Y El Cine,,1953,pending,
106,Que Hace una Chica Como Tu en un Sitio Como Este,Burning,Burning (Singles Collection),HITSTER - DIY,Playlist,ES5378900011,4kYdaN5ECfrCPPuUUiCiTr,4kYdaN5ECfrCPPuUUiCiTr,spotify:track:4kYdaN5ECfrCPPuUUiCiTr,Burning (Singles Collection),,1978,review,Posible remaster/compilación/edición especial; revisar año original para curated_year.
107,Macarena,Los Del Rio,A Mi Me Gusta,HITSTER - DIY,Playlist,ES5109300001,4Y6cDd4EPHcEbiUKdyvNwM,4Y6cDd4EPHcEbiUKdyvNwM,spotify:track:4Y6cDd4EPHcEbiUKdyvNwM,A Mi Me Gusta,,1993,pending,
108,More Than a Feeling,Boston,Boston,HITSTER - DIY,Playlist,USSM17600941,1QEEqeFIZktqIpPI4jSVSF,1QEEqeFIZktqIpPI4jSVSF,spotify:track:1QEEqeFIZktqIpPI4jSVSF,Boston,,1976,pending,
109,Me cuesta tanto olvidarte,Mecano,Entre el Cielo y el Suelo (Bonus Tracks Edition),HITSTER - DIY,Playlist,ES5028600052,1w2Nnj1HEUgoOglVRWfZj8,1w2Nnj1HEUgoOglVRWfZj8,spotify:track:1w2Nnj1HEUgoOglVRWfZj8,Entre el Cielo y el Suelo (Bonus Tracks Edition),,1986,review,Posible remaster/compilación/edición especial; revisar año original para curated_year.
110,El Reloj,Los Tres Caballeros,Los Tres Caballeros,HITSTER - DIY,Playlist,MXF365603552,27u17peWruKyUe7RfBglZC,27u17peWruKyUe7RfBglZC,spotify:track:27u17peWruKyUe7RfBglZC,Los Tres Caballeros,,1957,pending,
111,Chica YeYe,Conchita Velasco,Las Coplas de Conchita Velasco,HITSTER - DIY,Playlist,ES5530910337,5P1JgHeCLAgZJx9oiDccza,5P1JgHeCLAgZJx9oiDccza,spotify:track:5P1JgHeCLAgZJx9oiDccza,Las Coplas de Conchita Velasco,,1965,pending,
112,Toosie Slide,Drake,Toosie Slide,HITSTER - DIY,Playlist,USUG12001281,127QTOFJsJQp5LbJbu3A1y,127QTOFJsJQp5LbJbu3A1y,spotify:track:127QTOFJsJQp5LbJbu3A1y,Toosie Slide,,2020,pending,
113,See You Again (feat. Charlie Puth),Wiz Khalifa,See You Again (feat. Charlie Puth),HITSTER - DIY,Playlist,USAT21703595,2JzZzZUQj3Qff7wapcbKjc,2JzZzZUQj3Qff7wapcbKjc,spotify:track:2JzZzZUQj3Qff7wapcbKjc,See You Again (feat. Charlie Puth),,2015,pending,
114,Jailhouse Rock,Elvis Presley,Elvis' Golden Records,HITSTER - DIY,Playlist,USRC15705223,4gphxUgq0JSFv2BCLhNDiE,4gphxUgq0JSFv2BCLhNDiE,spotify:track:4gphxUgq0JSFv2BCLhNDiE,Elvis' Golden Records,,1957,pending,
115,MALAMENTE - Cap.1: Augurio,ROSALÍA,El Mal Querer,HITSTER - DIY,Playlist,ES5021800275,1B0BQaSRHxhI0AUlItY3LK,1B0BQaSRHxhI0AUlItY3LK,spotify:track:1B0BQaSRHxhI0AUlItY3LK,El Mal Querer,,2018,pending,
116,The Twist,Chubby Checker,Chubby Checker Classics,HITSTER - DIY,Playlist,USI4R0502237,6DSvUZQdqtNfkJI4cAiUsM,6DSvUZQdqtNfkJI4cAiUsM,spotify:track:6DSvUZQdqtNfkJI4cAiUsM,Chubby Checker Classics,,1960,pending,
117,La Camisa Negra,Juanes,Mi Sangre,HITSTER - DIY,Playlist,USUL10400965,2EM9zpAc7PVeoAydmbfVIL,2EM9zpAc7PVeoAydmbfVIL,spotify:track:2EM9zpAc7PVeoAydmbfVIL,Mi Sangre,,2004,pending,
118,Que Nadie,Manuel Carrasco,Inercia,HITSTER - DIY,Playlist,ES5700901468,1Qo29QfhrhhhoniBr1WCDq,1Qo29QfhrhhhoniBr1WCDq,spotify:track:1Qo29QfhrhhhoniBr1WCDq,Inercia,,2008,pending,
119,Cuéntame,Formula V,Ayer Y Hoy,HITSTER - DIY,Playlist,ES5709904337,6buqYaAyimysMjE8yuiaXy,6buqYaAyimysMjE8yuiaXy,spotify:track:6buqYaAyimysMjE8yuiaXy,Ayer Y Hoy,,1969,pending,
120,I Got You (I Feel Good),James Brown & The Famous Flames,I Got You (I Feel Good),HITSTER - DIY,Playlist,USF066625050,5haXbSJqjjM0TCJ5XkfEaC,5haXbSJqjjM0TCJ5XkfEaC,spotify:track:5haXbSJqjjM0TCJ5XkfEaC,I Got You (I Feel Good),,1964,pending,
121,Cuando me siento bien,Efecto Pasillo,Tiembla la tierra,HITSTER - DIY,Playlist,ES24C1507201,2xUl8Bp6eLddk5mdv8I2Wo,2xUl8Bp6eLddk5mdv8I2Wo,spotify:track:2xUl8Bp6eLddk5mdv8I2Wo,Tiembla la tierra,,2015,pending,
122,Mercy,Duffy,Rockferry,HITSTER - DIY,Playlist,GBUM70711275,1zusIxNqJu8i4g6P6hJ2Qa,1zusIxNqJu8i4g6P6hJ2Qa,spotify:track:1zusIxNqJu8i4g6P6hJ2Qa,Rockferry,,2008,pending,
123,El baúl de los recuerdos,Karina,Colores,HITSTER - DIY,Playlist,ES5087003372,1nUsGqyLqbOAnAtduWGNOU,1nUsGqyLqbOAnAtduWGNOU,spotify:track:1nUsGqyLqbOAnAtduWGNOU,Colores,,1969,pending,
124,The Lazy Song,Bruno Mars,Doo-Wops & Hooligans,HITSTER - DIY,Playlist,USAT21001886,1ExfPZEiahqhLyajhybFeS,1ExfPZEiahqhLyajhybFeS,spotify:track:1ExfPZEiahqhLyajhybFeS,Doo-Wops & Hooligans,,2011,pending,
125,Estando Contigo,Conchita Bautista,Por Ti,HITSTER - DIY,Playlist,ES5299200010,5DIovqjO8pCMkA6L1FXrXl,5DIovqjO8pCMkA6L1FXrXl,spotify:track:5DIovqjO8pCMkA6L1FXrXl,Por Ti,,1961,pending,
126,La Puerta de Alcalá,Ana Belén,Grandes Exitos,HITSTER - DIY,Playlist,ES5118601610,29opVIw8I1BOZntEn3Un2I,29opVIw8I1BOZntEn3Un2I,spotify:track:29opVIw8I1BOZntEn3Un2I,Grandes Exitos,,1986,pending,
127,Oops!...I Did It Again,Britney Spears,Oops!... I Did It Again,HITSTER - DIY,Playlist,USJI10000100,6naxalmIoLFWR0siv8dnQQ,6naxalmIoLFWR0siv8dnQQ,spotify:track:6naxalmIoLFWR0siv8dnQQ,Oops!... I Did It Again,,2000,pending,
128,You Can Get It If You Really Want,Jimmy Cliff,Definitive Collection,HITSTER - DIY,Playlist,GBAPA7000005,3ySFQwBgaHN2mlLxY6A0ic,3ySFQwBgaHN2mlLxY6A0ic,spotify:track:3ySFQwBgaHN2mlLxY6A0ic,Definitive Collection,,1970,review,Posible remaster/compilación/edición especial; revisar año original para curated_year.
129,It's My Life,Bon Jovi,Bon Jovi Greatest Hits - The Ultimate Collection (Deluxe),HITSTER - DIY,Playlist,USIR20000145,6iNBM60VQtPUUhkKfwa5KV,6iNBM60VQtPUUhkKfwa5KV,spotify:track:6iNBM60VQtPUUhkKfwa5KV,Bon Jovi Greatest Hits - The Ultimate Collection (Deluxe),,2000,review,Posible remaster/compilación/edición especial; revisar año original para curated_year.
130,Eloise,Tino Casal,Lágrimas De Cocodrilo,HITSTER - DIY,Playlist,ES5088806516,16k0xwujtU1eoSLEfofWQ8,16k0xwujtU1eoSLEfofWQ8,spotify:track:16k0xwujtU1eoSLEfofWQ8,Lágrimas De Cocodrilo,,1987,pending,
131,¿Y Cómo Es Él?,José Luis Perales,Entre El Agua Y El Fuego,HITSTER - DIY,Playlist,ES5098200431,7aSxNjoVoAwNL7HDAKwGtC,7aSxNjoVoAwNL7HDAKwGtC,spotify:track:7aSxNjoVoAwNL7HDAKwGtC,Entre El Agua Y El Fuego,,1982,pending,
132,Call on Me - Radio Mix,Eric Prydz,Call on Me (Radio Mix),HITSTER - DIY,Playlist,GBCEN0400130,1xNcBAoUw8Hz6LqK2jt4Ff,1xNcBAoUw8Hz6LqK2jt4Ff,spotify:track:1xNcBAoUw8Hz6LqK2jt4Ff,Call on Me (Radio Mix),,2004,pending,
133,Rosas,La Oreja de Van Gogh,Lo Que Te Conte Mientras Te Hacias La Dormida,HITSTER - DIY,Playlist,ES5110304435,4waqcUQWdj0yH26STWl2Rq,4waqcUQWdj0yH26STWl2Rq,spotify:track:4waqcUQWdj0yH26STWl2Rq,Lo Que Te Conte Mientras Te Hacias La Dormida,,2003,pending,
134,Like a Prayer,Madonna,Celebration (double disc version),HITSTER - DIY,Playlist,USWB10903606,1z3ugFmUKoCzGsI6jdY4Ci,1z3ugFmUKoCzGsI6jdY4Ci,spotify:track:1z3ugFmUKoCzGsI6jdY4Ci,Celebration (double disc version),,1989,review,Posible remaster/compilación/edición especial; revisar año original para curated_year.
135,Vivir Sin Aire,Maná,¿Dónde Jugarán Los Niños?,HITSTER - DIY,Playlist,MXF159200063,3G9RQLOSjsXVUDyQSv2PQR,3G9RQLOSjsXVUDyQSv2PQR,spotify:track:3G9RQLOSjsXVUDyQSv2PQR,¿Dónde Jugarán Los Niños?,,1992,pending,
136,Killing Me Softly With His Song,Fugees,The Score (Expanded Edition),HITSTER - DIY,Playlist,USSM19600055,0Q0IVlqMV64kNLlwjPj0Hl,0Q0IVlqMV64kNLlwjPj0Hl,spotify:track:0Q0IVlqMV64kNLlwjPj0Hl,The Score (Expanded Edition),,1996,review,Posible remaster/compilación/edición especial; revisar año original para curated_year.
137,Bailando,Alaska Y Los Pegamoides,Grandes Éxitos - Edición Para Coleccionistas,HITSTER - DIY,Playlist,ES5080600626,0OteyYh6inrfcil1XGwC3r,0OteyYh6inrfcil1XGwC3r,spotify:track:0OteyYh6inrfcil1XGwC3r,Grandes Éxitos - Edición Para Coleccionistas,,1982,pending,
138,High (Remix),Maria Becerra,High (Remix),HITSTER - DIY,Playlist,QMCE32000430,2HpbDdD3JLpAPMJFYCeC6o,2HpbDdD3JLpAPMJFYCeC6o,spotify:track:2HpbDdD3JLpAPMJFYCeC6o,High (Remix),,2020,pending,
139,Right Here Waiting,Richard Marx,Repeat Offender,HITSTER - DIY,Playlist,USEM38900208,4LFwNJWoj74Yd71fIr1W8x,4LFwNJWoj74Yd71fIr1W8x,spotify:track:4LFwNJWoj74Yd71fIr1W8x,Repeat Offender,,1989,pending,
140,No Controles,Ole Ole,Grandes Exitos,HITSTER - DIY,Playlist,ES5119902452,1suKCYjsR9rZKnFYM5uK1k,1suKCYjsR9rZKnFYM5uK1k,spotify:track:1suKCYjsR9rZKnFYM5uK1k,Grandes Exitos,,1983,pending,
141,Flying Free - Original Mix,Pont Aeri,"Pont Aeri, Vol. 4 EP",HITSTER - DIY,Playlist,ES5379900141,5yqiverYlKEA0ly96HPq01,5yqiverYlKEA0ly96HPq01,spotify:track:5yqiverYlKEA0ly96HPq01,"Pont Aeri, Vol. 4 EP",,1999,review,Posible remaster/compilación/edición especial; revisar año original para curated_year.
142,One More Time - Radio Edit,Daft Punk,One More Time,HITSTER - DIY,Playlist,GBDUW0000054,2Uy6EhQXAYkXA6MohPgjpV,2Uy6EhQXAYkXA6MohPgjpV,spotify:track:2Uy6EhQXAYkXA6MohPgjpV,One More Time,,2000,review,Posible remaster/compilación/edición especial; revisar año original para curated_year.
143,Mambo No. 5 (a Little Bit of...),Lou Bega,A Little Bit of Mambo,HITSTER - DIY,Playlist,DEH259900010,6x4tKaOzfNJpEJHySoiJcs,6x4tKaOzfNJpEJHySoiJcs,spotify:track:6x4tKaOzfNJpEJHySoiJcs,A Little Bit of Mambo,,1999,pending,
144,Bésame Mucho,Emilio Tuero,El Barítono de Argel,HITSTER - DIY,Playlist,MXF019200289,1PpOqYZsUCecuOfLELmgOI,1PpOqYZsUCecuOfLELmgOI,spotify:track:1PpOqYZsUCecuOfLELmgOI,El Barítono de Argel,,1941,pending,
145,Para No Verte Más,La Mosca,Visperas De Carnaval,HITSTER - DIY,Playlist,ARF049900032,19CmuECYssqkPWANF4nLWM,19CmuECYssqkPWANF4nLWM,spotify:track:19CmuECYssqkPWANF4nLWM,Visperas De Carnaval,,1999,pending,
146,Surfin' U.S.A. (Mono),The Beach Boys,Surfin' USA (Mono & Stereo),HITSTER - DIY,Playlist,USCA21201943,2dbaIpJoAk2hhrrX2ljKJo,2dbaIpJoAk2hhrrX2ljKJo,spotify:track:2dbaIpJoAk2hhrrX2ljKJo,Surfin' USA (Mono & Stereo),,1963,review,Posible remaster/compilación/edición especial; revisar año original para curated_year.
147,Nel Blu Dipinto Di Blu,Domenico Modugno,Nel Blu Dipinto Di Blu,HITSTER - DIY,Playlist,USA560766736,5zyrEv4F3FaLECI8TOKpFM,5zyrEv4F3FaLECI8TOKpFM,spotify:track:5zyrEv4F3FaLECI8TOKpFM,Nel Blu Dipinto Di Blu,,1958,pending,
148,DÁKITI,Bad Bunny,EL ÚLTIMO TOUR DEL MUNDO,HITSTER - DIY,Playlist,QMFME2004132,4MzXwWMhyBbmu6hOcLVD49,4MzXwWMhyBbmu6hOcLVD49,spotify:track:4MzXwWMhyBbmu6hOcLVD49,EL ÚLTIMO TOUR DEL MUNDO,,2020,pending,
149,Tú Me Dejaste De Querer,C. Tangana,El Madrileño,HITSTER - DIY,Playlist,ES5022000718,5ddFjrPG8NgQQ6xlOQIVd2,5ddFjrPG8NgQQ6xlOQIVd2,spotify:track:5ddFjrPG8NgQQ6xlOQIVd2,El Madrileño,,2020,pending,
150,Vivir Mi Vida,Marc Anthony,3.0,HITSTER - DIY,Playlist,USSD11300112,3QHMxEOAGD51PDlbFPHLyJ,3QHMxEOAGD51PDlbFPHLyJ,spotify:track:3QHMxEOAGD51PDlbFPHLyJ,3.0,,2013,pending,
151,Work,Rihanna,ANTI (Deluxe),HITSTER - DIY,Playlist,QM5FT1600116,72TFWvU3wUYdUuxejTTIzt,72TFWvU3wUYdUuxejTTIzt,spotify:track:72TFWvU3wUYdUuxejTTIzt,ANTI (Deluxe),,2016,review,Posible remaster/compilación/edición especial; revisar año original para curated_year.
152,Sobreviviré,Monica Naranjo,Renaissance (Boxset),HITSTER - DIY,Playlist,ES5110002561,5WovBMPS14QCqKgBEM1PaO,5WovBMPS14QCqKgBEM1PaO,spotify:track:5WovBMPS14QCqKgBEM1PaO,Renaissance (Boxset),,2000,review,Posible remaster/compilación/edición especial; revisar año original para curated_year.
153,Carolina,M-Clan,Salir De Marcha,HITSTER - DIY,Playlist,ES5010019001,0yUsNnKCxe7r68qzEjbOaB,0yUsNnKCxe7r68qzEjbOaB,spotify:track:0yUsNnKCxe7r68qzEjbOaB,Salir De Marcha,,2001,pending,
154,Don't Leave Me This Way,Thelma Houston,Any Way You Like It,HITSTER - DIY,Playlist,USUM71303881,51qi5dgc9CsotM87GmRkAX,51qi5dgc9CsotM87GmRkAX,spotify:track:51qi5dgc9CsotM87GmRkAX,Any Way You Like It,,1976,pending,
155,Disco Inferno,The Trammps,Disco Inferno,HITSTER - DIY,Playlist,USAT27600009,5jUA1njy3h6ynHLvPdEVHt,5jUA1njy3h6ynHLvPdEVHt,spotify:track:5jUA1njy3h6ynHLvPdEVHt,Disco Inferno,,1976,pending,
156,Usted,Juan Magán,Usted,HITSTER - DIY,Playlist,ES5701800180,79HTe42PihWUUq4BDjcuCq,79HTe42PihWUUq4BDjcuCq,spotify:track:79HTe42PihWUUq4BDjcuCq,Usted,,2018,pending,
157,Torn,Natalie Imbruglia,Left Of The Middle,HITSTER - DIY,Playlist,GBARL9700412,1Jaah2tmN9Hv81A87KZ1MU,1Jaah2tmN9Hv81A87KZ1MU,spotify:track:1Jaah2tmN9Hv81A87KZ1MU,Left Of The Middle,,1997,pending,
158,Gimme Hope Jo'Anna,Eddy Grant,Gimme Hope Jo'Anna,HITSTER - DIY,Playlist,GBQRF0846342,09lZ2Mx2NSpzy6KBpX2kDq,09lZ2Mx2NSpzy6KBpX2kDq,spotify:track:09lZ2Mx2NSpzy6KBpX2kDq,Gimme Hope Jo'Anna,,1988,pending,
159,Piano Man,Billy Joel,Piano Man,HITSTER - DIY,Playlist,USSM17300504,78WVLOP9pN0G3gRLFy1rAa,78WVLOP9pN0G3gRLFy1rAa,spotify:track:78WVLOP9pN0G3gRLFy1rAa,Piano Man,,1973,pending,
160,Get Back - Remastered 2009,The Beatles,Let It Be (Remastered),HITSTER - DIY,Playlist,GBAYE0601719,4MLBqAEzNN89o2M9h92Z26,4MLBqAEzNN89o2M9h92Z26,spotify:track:4MLBqAEzNN89o2M9h92Z26,Let It Be (Remastered),,1969,review,Posible remaster/compilación/edición especial; revisar año original para curated_year.
161,Eres Tú,Mocedades,Grandes Exitos,HITSTER - DIY,Playlist,ES5107300008,08HeIb9BidFjKROf9ptln0,08HeIb9BidFjKROf9ptln0,spotify:track:08HeIb9BidFjKROf9ptln0,Grandes Exitos,,1973,pending,
162,Born to Be Alive - The Original,Patrick Hernandez,Born to Be Alive (The Original),HITSTER - DIY,Playlist,FRX957900007,3XIEWK1V9n25PS9Vb6axj5,3XIEWK1V9n25PS9Vb6axj5,spotify:track:3XIEWK1V9n25PS9Vb6axj5,Born to Be Alive (The Original),,1978,pending,
163,Devuélveme a mi chica,Hombres G,Hombres G (Edición 30 Aniversario),HITSTER - DIY,Playlist,ES5018572005,1Wrzhfa5bNlqvsnCztz190,1Wrzhfa5bNlqvsnCztz190,spotify:track:1Wrzhfa5bNlqvsnCztz190,Hombres G (Edición 30 Aniversario),,1985,pending,
164,Karma Chameleon,Culture Club,Colour By Numbers,HITSTER - DIY,Playlist,GBAAA8300010,3XDeeP9wBZzGhIPZmLfEEx,3XDeeP9wBZzGhIPZmLfEEx,spotify:track:3XDeeP9wBZzGhIPZmLfEEx,Colour By Numbers,,1983,pending,
165,Walk Like an Egyptian,The Bangles,The Essential Bangles,HITSTER - DIY,Playlist,USSM18500592,1Jwc3ODLQxtbnS8M9TflSP,1Jwc3ODLQxtbnS8M9TflSP,spotify:track:1Jwc3ODLQxtbnS8M9TflSP,The Essential Bangles,,1986,pending,
166,You Can't Hurry Love,The Supremes,Supremes A Go Go,HITSTER - DIY,Playlist,USMO16600346,4H1iMlEWKZmpKTHCZzDhju,4H1iMlEWKZmpKTHCZzDhju,spotify:track:4H1iMlEWKZmpKTHCZzDhju,Supremes A Go Go,,1966,pending,
167,Tenía Tanto Que Darte,Nena Daconte,Retales De Carnaval,HITSTER - DIY,Playlist,ES5700802725,3Th2of8xIYyImVLXUbzaTp,3Th2of8xIYyImVLXUbzaTp,spotify:track:3Th2of8xIYyImVLXUbzaTp,Retales De Carnaval,,2008,pending,
168,Mala Vida,Mano Negra,Patchanka,HITSTER - DIY,Playlist,FRZ189800138,0UY0JLj9kxOlgF6FHogCmX,0UY0JLj9kxOlgF6FHogCmX,spotify:track:0UY0JLj9kxOlgF6FHogCmX,Patchanka,,1988,pending,
169,Gangsta's Paradise,Coolio,Gangsta's Paradise,HITSTER - DIY,Playlist,USTB10400128,7lQWRAjyhTpCWFC0jmclT4,7lQWRAjyhTpCWFC0jmclT4,spotify:track:7lQWRAjyhTpCWFC0jmclT4,Gangsta's Paradise,,1995,pending,
170,Euphoria,Loreen,Heal,HITSTER - DIY,Playlist,SEPQA1201986,2knr7ikPt4l7bk92qS4ZXW,2knr7ikPt4l7bk92qS4ZXW,spotify:track:2knr7ikPt4l7bk92qS4ZXW,Heal,,2012,pending,
171,Moving,Macaco,Puerto Presente,HITSTER - DIY,Playlist,ESD010800114,2wvmkXG4foIJ2xUiwLhBjA,2wvmkXG4foIJ2xUiwLhBjA,spotify:track:2wvmkXG4foIJ2xUiwLhBjA,Puerto Presente,,2008,pending,
172,Barcelona,Freddie Mercury,Messenger Of The Gods: The Singles Collection,HITSTER - DIY,Playlist,GBUM71602657,3BdId1EhcMX7yAzwzQJLAD,3BdId1EhcMX7yAzwzQJLAD,spotify:track:3BdId1EhcMX7yAzwzQJLAD,Messenger Of The Gods: The Singles Collection,,1987,review,Posible remaster/compilación/edición especial; revisar año original para curated_year.
173,Daddy Cool,Boney M.,Take The Heat Off Me,HITSTER - DIY,Playlist,DEC737600002,3WMbD1OyfKuwWDWMNbPQ4g,3WMbD1OyfKuwWDWMNbPQ4g,spotify:track:3WMbD1OyfKuwWDWMNbPQ4g,Take The Heat Off Me,,1976,pending,
174,Moves Like Jagger,Maroon 5,Singles,HITSTER - DIY,Playlist,USUM71109132,1r299qCKBLgUS9XJ9m1kEx,1r299qCKBLgUS9XJ9m1kEx,spotify:track:1r299qCKBLgUS9XJ9m1kEx,Singles,,2011,pending,
175,No Woman No Cry,Bob Marley & The Wailers,Natty Dread,HITSTER - DIY,Playlist,GBAAN7490002,3PQLYVskjUeRmRIfECsL0X,3PQLYVskjUeRmRIfECsL0X,spotify:track:3PQLYVskjUeRmRIfECsL0X,Natty Dread,,1974,pending,
176,Te Estoy Amando Locamente,Las Grecas,Te Estoy Amando Locamente,HITSTER - DIY,Playlist,ES5117400004,5QfmCmdL4qnzqMz5Z0gvzV,5QfmCmdL4qnzqMz5Z0gvzV,spotify:track:5QfmCmdL4qnzqMz5Z0gvzV,Te Estoy Amando Locamente,,1973,pending,
177,Señorita,Shawn Mendes,Señorita,HITSTER - DIY,Playlist,USUM71911283,0TK2YIli7K1leLovkQiNik,0TK2YIli7K1leLovkQiNik,spotify:track:0TK2YIli7K1leLovkQiNik,Señorita,,2019,pending,
178,Believe,Cher,Believe,HITSTER - DIY,Playlist,GBAHT9803002,2goLsvvODILDzeeiT4dAoR,2goLsvvODILDzeeiT4dAoR,spotify:track:2goLsvvODILDzeeiT4dAoR,Believe,,1998,pending,
179,Crazy In Love (feat. JAY-Z),Beyoncé,Dangerously In Love,HITSTER - DIY,Playlist,USSM10305425,5IVuqXILoxVWvWEPm82Jxr,5IVuqXILoxVWvWEPm82Jxr,spotify:track:5IVuqXILoxVWvWEPm82Jxr,Dangerously In Love,,2003,pending,
180,Me encanta - I Love It,Nancys Rubias,Me encanta (I love it),HITSTER - DIY,Playlist,ES5151300892,1kgBwPl0UUHz97Krp65zF4,1kgBwPl0UUHz97Krp65zF4,spotify:track:1kgBwPl0UUHz97Krp65zF4,Me encanta (I love it),,2013,pending,
181,Party Rock Anthem,LMFAO,Sorry For Party Rocking,HITSTER - DIY,Playlist,USUM71100061,7mitXLIMCflkhZiD34uEQI,7mitXLIMCflkhZiD34uEQI,spotify:track:7mitXLIMCflkhZiD34uEQI,Sorry For Party Rocking,,2011,pending,
182,Cannabis,Ska-P,El Vals Del Obrero,HITSTER - DIY,Playlist,ES5029601034,0DjSa6czo5ywsf6iCtZW5A,0DjSa6czo5ywsf6iCtZW5A,spotify:track:0DjSa6czo5ywsf6iCtZW5A,El Vals Del Obrero,,1996,pending,
183,El Secreto de las Tortugas,Maldita Nerea,Es un Secreto...No Se Lo Digas a Nadie,HITSTER - DIY,Playlist,ES8580700093,1sMgCr1RH0HfAazVZt9xmZ,1sMgCr1RH0HfAazVZt9xmZ,spotify:track:1sMgCr1RH0HfAazVZt9xmZ,Es un Secreto...No Se Lo Digas a Nadie,,2007,pending,
184,Counting Stars,OneRepublic,Native,HITSTER - DIY,Playlist,USUM71301306,2tpWsVSb9UEmDRxAl1zhX1,2tpWsVSb9UEmDRxAl1zhX1,spotify:track:2tpWsVSb9UEmDRxAl1zhX1,Native,,2013,pending,
185,Entre dos tierras,Heroes Del Silencio,Senderos De Traición - Edición Especial,HITSTER - DIY,Playlist,ES5089000064,7BYqVvoXpQFhs4jJ0qqNZt,7BYqVvoXpQFhs4jJ0qqNZt,spotify:track:7BYqVvoXpQFhs4jJ0qqNZt,Senderos De Traición - Edición Especial,,1990,pending,
186,Enjoy the Silence - 2006 Remaster,Depeche Mode,Violator (2006 Remaster),HITSTER - DIY,Playlist,GBAJH0600292,1EjQRTG53jsinzk2xlVVJP,1EjQRTG53jsinzk2xlVVJP,spotify:track:1EjQRTG53jsinzk2xlVVJP,Violator (2006 Remaster),,1990,review,Posible remaster/compilación/edición especial; revisar año original para curated_year.
187,Talk,Coldplay,X&Y,HITSTER - DIY,Playlist,GBAYE0500614,4wzt5Rrk3W98pHXAqutuJw,4wzt5Rrk3W98pHXAqutuJw,spotify:track:4wzt5Rrk3W98pHXAqutuJw,X&Y,,2005,pending,
188,Fallin',Alicia Keys,Songs In A Minor (Expanded Edition),HITSTER - DIY,Playlist,USJAY0100057,3unsLiH5FXmaDWtT5Imolu,3unsLiH5FXmaDWtT5Imolu,spotify:track:3unsLiH5FXmaDWtT5Imolu,Songs In A Minor (Expanded Edition),,2001,review,Posible remaster/compilación/edición especial; revisar año original para curated_year.
189,"La, La, La",Massiel,Lo Mejor de Massiel,HITSTER - DIY,Playlist,ES5100300048,1ApXNkjfjxkSDoezO8Kh8g,1ApXNkjfjxkSDoezO8Kh8g,spotify:track:1ApXNkjfjxkSDoezO8Kh8g,Lo Mejor de Massiel,,1968,pending,
190,Do Wah Diddy Diddy,Manfred Mann,Groovin' with Manfred Mann,HITSTER - DIY,Playlist,GBAYE6400100,7gEpTMp9MQc1uJwivtL37R,7gEpTMp9MQc1uJwivtL37R,spotify:track:7gEpTMp9MQc1uJwivtL37R,Groovin' with Manfred Mann,,1964,pending,
191,Pero a tu lado,Los Secretos,Dos Caras Distintas,HITSTER - DIY,Playlist,ES5019509000,3JOXwHPhtdRU3kYKcf64Gj,3JOXwHPhtdRU3kYKcf64Gj,spotify:track:3JOXwHPhtdRU3kYKcf64Gj,Dos Caras Distintas,,1995,pending,
192,Under the Bridge,Red Hot Chili Peppers,Blood Sugar Sex Magik (Deluxe Edition),HITSTER - DIY,Playlist,USWB19901576,3d9DChrdc6BOeFsbrZ3Is0,3d9DChrdc6BOeFsbrZ3Is0,spotify:track:3d9DChrdc6BOeFsbrZ3Is0,Blood Sugar Sex Magik (Deluxe Edition),,1991,review,Posible remaster/compilación/edición especial; revisar año original para curated_year.
193,All of Me,John Legend,Love In The Future (Expanded Edition),HITSTER - DIY,Playlist,USSM11303954,3U4isOIWM3VvDubwSI3y7a,3U4isOIWM3VvDubwSI3y7a,spotify:track:3U4isOIWM3VvDubwSI3y7a,Love In The Future (Expanded Edition),,2013,review,Posible remaster/compilación/edición especial; revisar año original para curated_year.
194,La Gozadera (feat. Marc Anthony),Gente De Zona,Visualízate,HITSTER - DIY,Playlist,USSD11500071,0OMRAvrtLWE2TvcXorRiB9,0OMRAvrtLWE2TvcXorRiB9,spotify:track:0OMRAvrtLWE2TvcXorRiB9,Visualízate,,2015,pending,
195,Dale Don Dale,Don Omar,The Last Don,HITSTER - DIY,Playlist,USUL10401660,1PZrHbJjt5t7dP9OGRxcD0,1PZrHbJjt5t7dP9OGRxcD0,spotify:track:1PZrHbJjt5t7dP9OGRxcD0,The Last Don,,2003,pending,
196,Te he echado de menos - Radio Edit,Pablo Alborán,Pablo Alboran (Deluxe),HITSTER - DIY,Playlist,ES7661200001,59bqZ237MW9CvFRLqu6Dgg,59bqZ237MW9CvFRLqu6Dgg,spotify:track:59bqZ237MW9CvFRLqu6Dgg,Pablo Alboran (Deluxe),,2011,review,Posible remaster/compilación/edición especial; revisar año original para curated_year.
197,Ave María,David Bisbal,Corazón Latino,HITSTER - DIY,Playlist,ES6010200293,5U4pDBaeq2Jl2dKuWWUSsh,5U4pDBaeq2Jl2dKuWWUSsh,spotify:track:5U4pDBaeq2Jl2dKuWWUSsh,Corazón Latino,,2002,pending,
198,Sofia,Alvaro Soler,Eterno Agosto,HITSTER - DIY,Playlist,DEUM71601055,5vj59ONIVbyhcrI8ZSwoRo,5vj59ONIVbyhcrI8ZSwoRo,spotify:track:5vj59ONIVbyhcrI8ZSwoRo,Eterno Agosto,,2016,pending,
199,Me Colé en una Fiesta,Mecano,"Ana, José, Nacho",HITSTER - DIY,Playlist,ES5029700682,4JOsL8WntMIwDeNQlKAwdA,4JOsL8WntMIwDeNQlKAwdA,spotify:track:4JOsL8WntMIwDeNQlKAwdA,"Ana, José, Nacho",,1982,pending,
200,Tequila,The Champs,Go Champ Go,HITSTER - DIY,Playlist,USATV0500278,17qIyxyDWmNP7Rn11eprMt,17qIyxyDWmNP7Rn11eprMt,spotify:track:17qIyxyDWmNP7Rn11eprMt,Go Champ Go,,1958,pending,
201,"Love Is All Around - From ""Four Weddings And A Funeral""",Wet Wet Wet,Picture This (20th Anniversary Edition),HITSTER - DIY,Playlist,GBF089400173,0PCGfA36HrVPmsBZJ57zOU,0PCGfA36HrVPmsBZJ57zOU,spotify:track:0PCGfA36HrVPmsBZJ57zOU,Picture This (20th Anniversary Edition),,1994,review,Posible remaster/compilación/edición especial; revisar año original para curated_year.
202,Every Breath You Take,The Police,Synchronicity (Remastered 2003),HITSTER - DIY,Playlist,GBAAM0201110,1JSTJqkT5qHq8MDJnJbRE1,1JSTJqkT5qHq8MDJnJbRE1,spotify:track:1JSTJqkT5qHq8MDJnJbRE1,Synchronicity (Remastered 2003),,1983,review,Posible remaster/compilación/edición especial; revisar año original para curated_year.
203,Sirenas,Taburete,Dr. Charas,HITSTER - DIY,Playlist,SEYOK1647309,4unOsvr9C2NqI9aJXrxpCy,4unOsvr9C2NqI9aJXrxpCy,spotify:track:4unOsvr9C2NqI9aJXrxpCy,Dr. Charas,,2016,pending,
204,Sabor de amor - Versión 1988,Danza Invisible,A Tu Alcance,HITSTER - DIY,Playlist,ES5018865008,6zdXA5yUvKnoTJwyZCnYOM,6zdXA5yUvKnoTJwyZCnYOM,spotify:track:6zdXA5yUvKnoTJwyZCnYOM,A Tu Alcance,,1987,pending,
205,Walk Of Life,Dire Straits,Brothers In Arms,HITSTER - DIY,Playlist,GBF088500675,3Ud6fFep5ZlXzRWw6Sm8no,3Ud6fFep5ZlXzRWw6Sm8no,spotify:track:3Ud6fFep5ZlXzRWw6Sm8no,Brothers In Arms,,1985,pending,
206,DUELE EL CORAZON,Enrique Iglesias,FINAL (Vol.1),HITSTER - DIY,Playlist,USRC11600642,5adqS3stLaSPAEOszOnpXG,5adqS3stLaSPAEOszOnpXG,spotify:track:5adqS3stLaSPAEOszOnpXG,FINAL (Vol.1),,2016,pending,
207,The Locomotion,Little Eva,Llllloco-Motion,HITSTER - DIY,Playlist,GBAYE6200144,5xzdDMhFYiuUONB0Mha9VS,5xzdDMhFYiuUONB0Mha9VS,spotify:track:5xzdDMhFYiuUONB0Mha9VS,Llllloco-Motion,,1962,pending,
208,La flaca,Jarabe De Palo,La Flaca,HITSTER - DIY,Playlist,ES5039600004,2LsbizbOeNa4x6qsi2jAMb,2LsbizbOeNa4x6qsi2jAMb,spotify:track:2LsbizbOeNa4x6qsi2jAMb,La Flaca,,1996,pending,
209,Corazón partío,Alejandro Sanz,Más,HITSTER - DIY,Playlist,ES5159706045,0wQCKR9OFjYu5Kzrk7WivJ,0wQCKR9OFjYu5Kzrk7WivJ,spotify:track:0wQCKR9OFjYu5Kzrk7WivJ,Más,,1997,pending,
210,"See You Later, Alligator",Bill Haley & His Comets,Bill Haley's Greatest Hits,HITSTER - DIY,Playlist,USMC15588995,1s4hyUFWmLWiAamsclb4xA,1s4hyUFWmLWiAamsclb4xA,spotify:track:1s4hyUFWmLWiAamsclb4xA,Bill Haley's Greatest Hits,,1955,review,Posible remaster/compilación/edición especial; revisar año original para curated_year.
211,Zombie,The Cranberries,No Need To Argue (The Complete Sessions 1994-1995),HITSTER - DIY,Playlist,USIR29400443,7EZC6E7UjZe63f1jRmkWxt,7EZC6E7UjZe63f1jRmkWxt,spotify:track:7EZC6E7UjZe63f1jRmkWxt,No Need To Argue (The Complete Sessions 1994-1995),,1994,pending,
212,Y Nos Dieron las Diez,Joaquín Sabina,Fisica Y Quimica,HITSTER - DIY,Playlist,ES5029200072,1eCie6lwjb4crxeAvkRaSi,1eCie6lwjb4crxeAvkRaSi,spotify:track:1eCie6lwjb4crxeAvkRaSi,Fisica Y Quimica,,1992,pending,
213,Como Camarón,Estopa,Estopa,HITSTER - DIY,Playlist,ES5029900147,1VB4sadHjFcFklHcZuoROi,1VB4sadHjFcFklHcZuoROi,spotify:track:1VB4sadHjFcFklHcZuoROi,Estopa,,1999,pending,
214,Las de la Intuición,Shakira,"Fijación Oral, Vol. 1",HITSTER - DIY,Playlist,USSM10501804,3uU6dqBjVKRTPis0RrTaT4,3uU6dqBjVKRTPis0RrTaT4,spotify:track:3uU6dqBjVKRTPis0RrTaT4,"Fijación Oral, Vol. 1",,2005,pending,
215,Nada Fue Un Error,Coti,Coti,HITSTER - DIY,Playlist,ES5700200030,5QhOF5HXgZ0OFUZSE5kEv1,5QhOF5HXgZ0OFUZSE5kEv1,spotify:track:5QhOF5HXgZ0OFUZSE5kEv1,Coti,,2002,pending,
216,¡Chas! Y aparezco a tu lado,Alex Y Christina,Alex Y Christina,HITSTER - DIY,Playlist,ES5158834001,1eRgClFGphd2MgpyIBsbfS,1eRgClFGphd2MgpyIBsbfS,spotify:track:1eRgClFGphd2MgpyIBsbfS,Alex Y Christina,,1988,pending,
217,Got My Mind Set on You,George Harrison,Cloud Nine,HITSTER - DIY,Playlist,GBEXP0300054,3OeUlriM0EZHdWleJtjoVr,3OeUlriM0EZHdWleJtjoVr,spotify:track:3OeUlriM0EZHdWleJtjoVr,Cloud Nine,,1987,pending,
218,María,Ricky Martin,A Medio Vivir,HITSTER - DIY,Playlist,MXF149500003,0QQHPRbgLJJ5XNzJV1l9BW,0QQHPRbgLJJ5XNzJV1l9BW,spotify:track:0QQHPRbgLJJ5XNzJV1l9BW,A Medio Vivir,,1995,pending,
219,Sólo Se Vive una Vez,Azucar Moreno,Mucho Azucar (Grandes Exitos),HITSTER - DIY,Playlist,ES5119901648,5dg7OfEwTVvUZfqt24ObwI,5dg7OfEwTVvUZfqt24ObwI,spotify:track:5dg7OfEwTVvUZfqt24ObwI,Mucho Azucar (Grandes Exitos),,1996,pending,
220,Sweet Home Alabama,Lynyrd Skynyrd,Second Helping (Expanded Edition),HITSTER - DIY,Playlist,USMC17446153,7e89621JPkKaeDSTQ3avtg,7e89621JPkKaeDSTQ3avtg,spotify:track:7e89621JPkKaeDSTQ3avtg,Second Helping (Expanded Edition),,1974,review,Posible remaster/compilación/edición especial; revisar año original para curated_year.
221,Ni tú ni nadie,Alaska Y Dinarama,Deseo Carnal,HITSTER - DIY,Playlist,ES5088408148,7LpS82vPDLgZAHWRtWBBRj,7LpS82vPDLgZAHWRtWBBRj,spotify:track:7LpS82vPDLgZAHWRtWBBRj,Deseo Carnal,,1984,pending,
222,Poker Face,Lady Gaga,The Fame,HITSTER - DIY,Playlist,USUM70824409,5R8dQOPq8haW94K7mgERlO,5R8dQOPq8haW94K7mgERlO,spotify:track:5R8dQOPq8haW94K7mgERlO,The Fame,,2008,pending,
223,Flamenco,Los Brincos,Flamenco,HITSTER - DIY,Playlist,ES5100100269,0Ouv1zi0SXDnFtREEsps4K,0Ouv1zi0SXDnFtREEsps4K,spotify:track:0Ouv1zi0SXDnFtREEsps4K,Flamenco,,1964,pending,
224,Informer,Snow,12 Inches Of Snow,HITSTER - DIY,Playlist,USEW19300006,2LjiPAQOVazT8sRyXL3XRs,2LjiPAQOVazT8sRyXL3XRs,spotify:track:2LjiPAQOVazT8sRyXL3XRs,12 Inches Of Snow,,1993,pending,
225,Sueño Su Boca,Raul,Sueño Su Boca,HITSTER - DIY,Playlist,ES71G1707808,6gMyJAtpnAOU92I9hjpSNe,6gMyJAtpnAOU92I9hjpSNe,spotify:track:6gMyJAtpnAOU92I9hjpSNe,Sueño Su Boca,,2000,pending,
226,Brother Louie,Modern Talking,Ready For Romance,HITSTER - DIY,Playlist,DEC738600004,5zWZ9iNevP0397xB3jWV2z,5zWZ9iNevP0397xB3jWV2z,spotify:track:5zWZ9iNevP0397xB3jWV2z,Ready For Romance,,1986,pending,
227,"Oh, Pretty Woman",Roy Orbison,"Oh, Pretty Woman",HITSTER - DIY,Playlist,USSM16401425,48i055G1OT5KxGGftwFxWy,48i055G1OT5KxGGftwFxWy,spotify:track:48i055G1OT5KxGGftwFxWy,"Oh, Pretty Woman",,1964,pending,
228,Los Chicos Con las Chicas,Los Bravos,Los Chicos Con las Chicas,HITSTER - DIY,Playlist,ES5020100303,1k4kMMTPN5Yc0KdMxtMTuj,1k4kMMTPN5Yc0KdMxtMTuj,spotify:track:1k4kMMTPN5Yc0KdMxtMTuj,Los Chicos Con las Chicas,,1967,pending,
229,Lloverá y yo veré,La Pegatina,Eureka!,HITSTER - DIY,Playlist,ES7311300037,4Tv8mqQc83OsQVXO4I0FTA,4Tv8mqQc83OsQVXO4I0FTA,spotify:track:4Tv8mqQc83OsQVXO4I0FTA,Eureka!,,2013,pending,
230,A Tu Vera,Lola Flores,La Inimitable,HITSTER - DIY,Playlist,ES7580501052,4awJGQ6TIS542X4XS7PWu7,4awJGQ6TIS542X4XS7PWu7,spotify:track:4awJGQ6TIS542X4XS7PWu7,La Inimitable,,1962,pending,
231,Desesperada,Marta Sánchez,Mujer,HITSTER - DIY,Playlist,ES5709904443,20WaSPMyeIO7NntPpn1FM5,20WaSPMyeIO7NntPpn1FM5,spotify:track:20WaSPMyeIO7NntPpn1FM5,Mujer,,1993,pending,
232,"Relax, Take It Easy",MIKA,Life In Cartoon Motion,HITSTER - DIY,Playlist,USC7R0600114,0KM2y796j63t5RHhvRUxld,0KM2y796j63t5RHhvRUxld,spotify:track:0KM2y796j63t5RHhvRUxld,Life In Cartoon Motion,,2006,pending,
233,Déjame,Los Secretos,Los Secretos,HITSTER - DIY,Playlist,ES5700401147,74anwTmdyvA3f8RUtCQqKD,74anwTmdyvA3f8RUtCQqKD,spotify:track:74anwTmdyvA3f8RUtCQqKD,Los Secretos,,1981,pending,
234,Orinoco Flow,Enya,"Themes From ""Calmi Cuori Appassionati""",HITSTER - DIY,Playlist,GBAHT8802584,0Fyj9w0HVfjoxm9S8nGClt,0Fyj9w0HVfjoxm9S8nGClt,spotify:track:0Fyj9w0HVfjoxm9S8nGClt,"Themes From ""Calmi Cuori Appassionati""",,1988,pending,
235,Upside Down,Diana Ross,Diana,HITSTER - DIY,Playlist,USMO18000379,57Y3UccJEJqT8w8RWkUAz0,57Y3UccJEJqT8w8RWkUAz0,spotify:track:57Y3UccJEJqT8w8RWkUAz0,Diana,,1980,pending,
236,Rolling in the Deep,Adele,21,HITSTER - DIY,Playlist,GBBKS1000335,4OSBTYWVwsQhGLF9NHvIbR,4OSBTYWVwsQhGLF9NHvIbR,spotify:track:4OSBTYWVwsQhGLF9NHvIbR,21,,2010,pending,
237,Chica de ayer,Nacha Pop,Nacha Pop,HITSTER - DIY,Playlist,ES5088003778,4chpfrjIqrOPshlDU4ZrKe,4chpfrjIqrOPshlDU4ZrKe,spotify:track:4chpfrjIqrOPshlDU4ZrKe,Nacha Pop,,1980,pending,
238,You're So Vain,Carly Simon,No Secrets,HITSTER - DIY,Playlist,USEE19900883,2DnJjbjNTV9Nd5NOa1KGba,2DnJjbjNTV9Nd5NOa1KGba,spotify:track:2DnJjbjNTV9Nd5NOa1KGba,No Secrets,,1972,pending,
239,Don't Speak,No Doubt,Tragic Kingdom,HITSTER - DIY,Playlist,USIR19500279,7H8zey5My6uNdD2TxeCb9F,7H8zey5My6uNdD2TxeCb9F,spotify:track:7H8zey5My6uNdD2TxeCb9F,Tragic Kingdom,,1995,pending,
240,It's In The Kiss (The Shoop Shoop Song),Betty Everett,No Place To Hide,HITSTER - DIY,Playlist,USA371129279,35hfuechuOqaW31ogdauO7,35hfuechuOqaW31ogdauO7,spotify:track:35hfuechuOqaW31ogdauO7,No Place To Hide,,1963,pending,
241,Joyride,Roxette,Joyride (Extended Version),HITSTER - DIY,Playlist,SEAMA9079010,1ILbD4eWKWvg8ub5qJyBTP,1ILbD4eWKWvg8ub5qJyBTP,spotify:track:1ILbD4eWKWvg8ub5qJyBTP,Joyride (Extended Version),,1991,review,Posible remaster/compilación/edición especial; revisar año original para curated_year.
242,Ni Una Sola Palabra,Paulina Rubio,Ananda,HITSTER - DIY,Playlist,MXUM70600579,5xXYuYk2CzHfk3kLKYmRRb,5xXYuYk2CzHfk3kLKYmRRb,spotify:track:5xXYuYk2CzHfk3kLKYmRRb,Ananda,,2006,pending,
243,Maneater,Daryl Hall & John Oates,H2O,HITSTER - DIY,Playlist,USRC10301821,7j74lucZ59vqN67Ipe2ZcY,7j74lucZ59vqN67Ipe2ZcY,spotify:track:7j74lucZ59vqN67Ipe2ZcY,H2O,,1982,pending,
244,The Ketchup Song (Aserejé) - Spanish Version,Las Ketchup,Hijas del Tomate,HITSTER - DIY,Playlist,ES5110204055,0aGKNekx2JAxGzza802fnC,0aGKNekx2JAxGzza802fnC,spotify:track:0aGKNekx2JAxGzza802fnC,Hijas del Tomate,,2002,pending,
245,Campanera,Ana Maria,"Raices de la Canción Española, Vol. 11",HITSTER - DIY,Playlist,ES5279301501,3Emr4aPhkNoMHPF5N5i6QD,3Emr4aPhkNoMHPF5N5i6QD,spotify:track:3Emr4aPhkNoMHPF5N5i6QD,"Raices de la Canción Española, Vol. 11",,1953,pending,
246,Rehab,Amy Winehouse,Back To Black (Deluxe Edition),HITSTER - DIY,Playlist,GBUM70603730,3N4DI1vuTSX1tz7fa2NQZw,3N4DI1vuTSX1tz7fa2NQZw,spotify:track:3N4DI1vuTSX1tz7fa2NQZw,Back To Black (Deluxe Edition),,2006,review,Posible remaster/compilación/edición especial; revisar año original para curated_year.
247,11 RAZONES,Aitana,11 RAZONES,HITSTER - DIY,Playlist,ES5702002248,4qEHMJyER7OntYTtPsIT1W,4qEHMJyER7OntYTtPsIT1W,spotify:track:4qEHMJyER7OntYTtPsIT1W,11 RAZONES,,2020,pending,
248,Can't Help Falling in Love,Elvis Presley,Blue Hawaii,HITSTER - DIY,Playlist,USRC16101350,44AyOl4qVkzS48vBsbNXaC,44AyOl4qVkzS48vBsbNXaC,spotify:track:44AyOl4qVkzS48vBsbNXaC,Blue Hawaii,,1961,pending,
249,Dancing in the Moonlight,Toploader,Onka's Big Moka,HITSTER - DIY,Playlist,GBBBL9902165,3Fzlg5r1IjhLk2qRw667od,3Fzlg5r1IjhLk2qRw667od,spotify:track:3Fzlg5r1IjhLk2qRw667od,Onka's Big Moka,,1999,pending,
250,Bamboléo,Gipsy Kings,Gipsy Kings,HITSTER - DIY,Playlist,GBARL0700397,3iB8eciGU9vZkaDYkz7Ir9,3iB8eciGU9vZkaDYkz7Ir9,spotify:track:3iB8eciGU9vZkaDYkz7Ir9,Gipsy Kings,,1987,pending,
251,Me Gustas Tu,Manu Chao,Próxima Estación: Esperanza,HITSTER - DIY,Playlist,FR84R0000004,6b37xrsNCWYIUphFBazqD6,6b37xrsNCWYIUphFBazqD6,spotify:track:6b37xrsNCWYIUphFBazqD6,Próxima Estación: Esperanza,,2001,pending,
252,Olvídame y Pega la Vuelta,Pimpinela,Pimpinela,HITSTER - DIY,Playlist,ARF109700617,4FdwRmlzP5KGM7OewGBYiu,4FdwRmlzP5KGM7OewGBYiu,spotify:track:4FdwRmlzP5KGM7OewGBYiu,Pimpinela,,1982,pending,
253,Break My Heart,Dua Lipa,Future Nostalgia,HITSTER - DIY,Playlist,GBAHT1901303,017PF4Q3l4DBUiWoXk4OWT,017PF4Q3l4DBUiWoXk4OWT,spotify:track:017PF4Q3l4DBUiWoXk4OWT,Future Nostalgia,,2020,pending,
254,Contando Lunares (feat. Cruz Cafuné),Don Patricio,La Dura Vida del Joven Rapero,HITSTER - DIY,Playlist,USCGH1926856,6uW0PIRcyZLvkoonm763xD,6uW0PIRcyZLvkoonm763xD,spotify:track:6uW0PIRcyZLvkoonm763xD,La Dura Vida del Joven Rapero,,2019,pending,
255,Respect,Aretha Franklin,I Never Loved a Man the Way I Love You,HITSTER - DIY,Playlist,USAT20801240,7s25THrKz86DM225dOYwnr,7s25THrKz86DM225dOYwnr,spotify:track:7s25THrKz86DM225dOYwnr,I Never Loved a Man the Way I Love You,,1967,pending,
256,Sin documentos,Los Rodriguez,¡Hasta luego!,HITSTER - DIY,Playlist,ES5019364003,6mOZfn6CVXsX1Tt0l3thm3,6mOZfn6CVXsX1Tt0l3thm3,spotify:track:6mOZfn6CVXsX1Tt0l3thm3,¡Hasta luego!,,1993,pending,
257,Shape of You,Ed Sheeran,÷ (Deluxe),HITSTER - DIY,Playlist,GBAHS1600463,7qiZfU4dY1lWllzX7mPBI3,7qiZfU4dY1lWllzX7mPBI3,spotify:track:7qiZfU4dY1lWllzX7mPBI3,÷ (Deluxe),,2017,review,Posible remaster/compilación/edición especial; revisar año original para curated_year.
258,Start Me Up - Remastered 2009,The Rolling Stones,Tattoo You (2009 Re-Mastered),HITSTER - DIY,Playlist,GBUM70909474,7HKez549fwJQDzx3zLjHKC,7HKez549fwJQDzx3zLjHKC,spotify:track:7HKez549fwJQDzx3zLjHKC,Tattoo You (2009 Re-Mastered),,1981,review,Posible remaster/compilación/edición especial; revisar año original para curated_year.
259,Atrévete-Te-Te,Calle 13,Calle 13 (Explicit Version),HITSTER - DIY,Playlist,US3H30500209,1q8NdCAQ9QUjpYiqzdd3mv,1q8NdCAQ9QUjpYiqzdd3mv,spotify:track:1q8NdCAQ9QUjpYiqzdd3mv,Calle 13 (Explicit Version),,2005,review,Posible remaster/compilación/edición especial; revisar año original para curated_year.
260,Space Oddity - 1999 Remaster,David Bowie,Best of Bowie,HITSTER - DIY,Playlist,USJT19900001,74mVYAylZcHEY4WVFoFplV,74mVYAylZcHEY4WVFoFplV,spotify:track:74mVYAylZcHEY4WVFoFplV,Best of Bowie,,1969,review,Posible remaster/compilación/edición especial; revisar año original para curated_year.
261,Pena Penita Pena,Lola Flores,La Inimitable,HITSTER - DIY,Playlist,ES5378900031,2LpCMTQ8VM1ssTdfLjeyzQ,2LpCMTQ8VM1ssTdfLjeyzQ,spotify:track:2LpCMTQ8VM1ssTdfLjeyzQ,La Inimitable,,1953,pending,
262,"What Is Love - 7"" Mix",Haddaway,The Album,HITSTER - DIY,Playlist,DEA410500401,2IHaGyfxNoFPLJnaEg4GTs,2IHaGyfxNoFPLJnaEg4GTs,spotify:track:2IHaGyfxNoFPLJnaEg4GTs,The Album,,1993,pending,
263,Fiesta Pagana,Mägo de Oz,Finisterra,HITSTER - DIY,Playlist,ES6880400795,02dphTJYUQ9pmdNC52iyOz,02dphTJYUQ9pmdNC52iyOz,spotify:track:02dphTJYUQ9pmdNC52iyOz,Finisterra,,2000,pending,
264,Sarandonga,Lolita,Lola Lolita Lola,HITSTER - DIY,Playlist,ES5150154002,2zNDRGoRkNEkMhO5fcGTMv,2zNDRGoRkNEkMhO5fcGTMv,spotify:track:2zNDRGoRkNEkMhO5fcGTMv,Lola Lolita Lola,,2001,pending,
265,Cadillac solitario,Loquillo,Rock & Roll Star - 30 años,HITSTER - DIY,Playlist,ES5018404003,3VNxbWlw9oVvxSnSbeiCBb,3VNxbWlw9oVvxSnSbeiCBb,spotify:track:3VNxbWlw9oVvxSnSbeiCBb,Rock & Roll Star - 30 años,,1983,pending,
266,Princesas,Pereza,Animales,HITSTER - DIY,Playlist,ES5020500059,3hlWUNjAlbZ6nOjAbrivBv,3hlWUNjAlbZ6nOjAbrivBv,spotify:track:3hlWUNjAlbZ6nOjAbrivBv,Animales,,2005,pending,
267,Feel,Robbie Williams,Escapology,HITSTER - DIY,Playlist,GBFFG0200002,2Ms33RTRCT6gArrpcrPxmo,2Ms33RTRCT6gArrpcrPxmo,spotify:track:2Ms33RTRCT6gArrpcrPxmo,Escapology,,2002,pending,
268,Ni La Hora,Ana Guerra,Ni La Hora,HITSTER - DIY,Playlist,ES5701800506,1he4G9w0zh5GokInpOSINW,1he4G9w0zh5GokInpOSINW,spotify:track:1he4G9w0zh5GokInpOSINW,Ni La Hora,,2018,pending,
269,La Escoba,Los Sirex,Lo Mejor de los Sirex,HITSTER - DIY,Playlist,ES5026500008,1dgi28o666VmqNP1JALauv,1dgi28o666VmqNP1JALauv,spotify:track:1dgi28o666VmqNP1JALauv,Lo Mejor de los Sirex,,1965,pending,
270,Mis Manos en Tu Cintura,Salvatore Adamo,Adamo en Español - Cae la Nieve y Todos Sus Éxitos,HITSTER - DIY,Playlist,ES5299500173,6kFowCmp5RNQhsK8LzC0gp,6kFowCmp5RNQhsK8LzC0gp,spotify:track:6kFowCmp5RNQhsK8LzC0gp,Adamo en Español - Cae la Nieve y Todos Sus Éxitos,,1966,pending,
271,Girlfriend - Radio Edit,Avril Lavigne,Girlfriend EP,HITSTER - DIY,Playlist,USRC10700019,5xv4ggemGPNpowZAMwEYHH,5xv4ggemGPNpowZAMwEYHH,spotify:track:5xv4ggemGPNpowZAMwEYHH,Girlfriend EP,,2007,review,Posible remaster/compilación/edición especial; revisar año original para curated_year.
272,Como una Ola,Rocío Jurado,Coleccion Original: Rocio Jurado,HITSTER - DIY,Playlist,ES5028100144,1gNXYvLc14OmqK6gSJKLUM,1gNXYvLc14OmqK6gSJKLUM,spotify:track:1gNXYvLc14OmqK6gSJKLUM,Coleccion Original: Rocio Jurado,,1981,pending,
273,"Help, áyudame",Tony Ronald,"Help, ayudame",HITSTER - DIY,Playlist,ES5070100059,61VeJ59zufLceZXb1SSVKu,61VeJ59zufLceZXb1SSVKu,spotify:track:61VeJ59zufLceZXb1SSVKu,"Help, ayudame",,1971,pending,
274,Congratulations - 1998 Remaster,Cliff Richard,The Fiftieth Anniversary Album,HITSTER - DIY,Playlist,GBAYE9801630,1SOAN58QwnQABl2SND1wMh,1SOAN58QwnQABl2SND1wMh,spotify:track:1SOAN58QwnQABl2SND1wMh,The Fiftieth Anniversary Album,,1968,review,Posible remaster/compilación/edición especial; revisar año original para curated_year.
275,"I Will Survive - Original 7"" Version",Gloria Gaynor,I Will Survive (Phil Kelsey Remix),HITSTER - DIY,Playlist,USUM72110529,6fw12s3vAJQAt7lbICodwC,6fw12s3vAJQAt7lbICodwC,spotify:track:6fw12s3vAJQAt7lbICodwC,I Will Survive (Phil Kelsey Remix),,1978,pending,
276,Waterloo,ABBA,Waterloo,HITSTER - DIY,Playlist,SEAYD7415010,3Dy4REq8O09IlgiwuHQ3sk,3Dy4REq8O09IlgiwuHQ3sk,spotify:track:3Dy4REq8O09IlgiwuHQ3sk,Waterloo,,1974,pending,
277,Dragostea Din Tei,O-Zone,DiscO-Zone,HITSTER - DIY,Playlist,ROMSA0600487,2c3sKqWYVJ0NsE3elgRhKH,2c3sKqWYVJ0NsE3elgRhKH,spotify:track:2c3sKqWYVJ0NsE3elgRhKH,DiscO-Zone,,2003,pending,
278,Tres Veces Guapa,Jorge Sepúlveda,10 Grandes Éxitos,HITSTER - DIY,Playlist,QM7281546341,0GVQMLYWayDvznAkyz4esU,0GVQMLYWayDvznAkyz4esU,spotify:track:0GVQMLYWayDvznAkyz4esU,10 Grandes Éxitos,,1947,pending,
279,Live And Let Die - Main Title,Paul McCartney,All The Best (UK Version),HITSTER - DIY,Playlist,GBCCS7300674,2cHbN7OosXb4pA20G9Jcyg,2cHbN7OosXb4pA20G9Jcyg,spotify:track:2cHbN7OosXb4pA20G9Jcyg,All The Best (UK Version),,1973,review,Posible remaster/compilación/edición especial; revisar año original para curated_year.
280,"You're The First, The Last, My Everything",Barry White,Can't Get Enough,HITSTER - DIY,Playlist,USPR37400001,5dXJ1SoksFkgdx3yxIoYNO,5dXJ1SoksFkgdx3yxIoYNO,spotify:track:5dXJ1SoksFkgdx3yxIoYNO,Can't Get Enough,,1974,pending,
281,Mediterraneo,Joan Manuel Serrat,Mediterráneo,HITSTER - DIY,Playlist,ES5020000300,7Bewui7KtaMzROeteRitRz,7Bewui7KtaMzROeteRitRz,spotify:track:7Bewui7KtaMzROeteRitRz,Mediterráneo,,1971,pending,
282,Blinding Lights,The Weeknd,After Hours,HITSTER - DIY,Playlist,USUG11904206,0VjIjW4GlUZAMYd2vXMi3b,0VjIjW4GlUZAMYd2vXMi3b,spotify:track:0VjIjW4GlUZAMYd2vXMi3b,After Hours,,2019,pending,
283,Without You (feat. Sandro Cavazza),Avicii,AVĪCI (01),HITSTER - DIY,Playlist,SE5R71700101,6Pgkp4qUoTmJIPn7ReaGxL,6Pgkp4qUoTmJIPn7ReaGxL,spotify:track:6Pgkp4qUoTmJIPn7ReaGxL,AVĪCI (01),,2017,pending,
284,In the Summertime,Mungo Jerry,Electronically Tested,HITSTER - DIY,Playlist,GBAJE7000049,7jhKkbM3KZvnuqzMX5fADH,7jhKkbM3KZvnuqzMX5fADH,spotify:track:7jhKkbM3KZvnuqzMX5fADH,Electronically Tested,,1970,pending,
285,Gangnam Style (강남스타일),PSY,Gangnam Style (강남스타일),HITSTER - DIY,Playlist,USUM71210283,03UrZgTINDqvnUMbbIMhql,03UrZgTINDqvnUMbbIMhql,spotify:track:03UrZgTINDqvnUMbbIMhql,Gangnam Style (강남스타일),,2012,pending,
286,"Soy un Truhán, Soy un Señor",Julio Iglesias,My Life: The Greatest Hits,HITSTER - DIY,Playlist,NLB637800101,07nrFSbS6ht0jMNpTpMfsg,07nrFSbS6ht0jMNpTpMfsg,spotify:track:07nrFSbS6ht0jMNpTpMfsg,My Life: The Greatest Hits,,1977,review,Posible remaster/compilación/edición especial; revisar año original para curated_year.
287,This Is The Life,Amy Macdonald,This Is The Life (eDeluxe),HITSTER - DIY,Playlist,GBUM70607840,2T3jgoAMbBXiMMD8pSc6QL,2T3jgoAMbBXiMMD8pSc6QL,spotify:track:2T3jgoAMbBXiMMD8pSc6QL,This Is The Life (eDeluxe),,2007,review,Posible remaster/compilación/edición especial; revisar año original para curated_year.
288,Chiquilla,Seguridad Social,Que No Se Extinga La Llama!,HITSTER - DIY,Playlist,ES5019150000,4eJikwHYHJ3yMg1tvS1Mom,4eJikwHYHJ3yMg1tvS1Mom,spotify:track:4eJikwHYHJ3yMg1tvS1Mom,Que No Se Extinga La Llama!,,1991,pending,
289,Ca plane pour moi,Plastic Bertrand,Plastic Bertrand,HITSTER - DIY,Playlist,BEB017765001,71yCMlsD6qbD7NmNUEoVNR,71yCMlsD6qbD7NmNUEoVNR,spotify:track:71yCMlsD6qbD7NmNUEoVNR,Plastic Bertrand,,1977,pending,
290,Dance Monkey,Tones And I,The Kids Are Coming,HITSTER - DIY,Playlist,QZES71982312,5ZULALImTm80tzUbYQYM9d,5ZULALImTm80tzUbYQYM9d,spotify:track:5ZULALImTm80tzUbYQYM9d,The Kids Are Coming,,2019,pending,
291,Promises (with Sam Smith),Calvin Harris,Promises (with Sam Smith),HITSTER - DIY,Playlist,GBARL1801049,5N5k9nd479b1xpDZ4usjrg,5N5k9nd479b1xpDZ4usjrg,spotify:track:5N5k9nd479b1xpDZ4usjrg,Promises (with Sam Smith),,2018,pending,
292,Havana (feat. Young Thug),Camila Cabello,Camila,HITSTER - DIY,Playlist,USSM11706905,1rfofaqEpACxVEHIZBJe6W,1rfofaqEpACxVEHIZBJe6W,spotify:track:1rfofaqEpACxVEHIZBJe6W,Camila,,2017,pending,
293,Todos los días sale el sol,Bongo Botrako,Todos Los Días Sale El Sol,HITSTER - DIY,Playlist,ES7311000083,1tmwswvJnwOIrskyCKVsgv,1tmwswvJnwOIrskyCKVsgv,spotify:track:1tmwswvJnwOIrskyCKVsgv,Todos Los Días Sale El Sol,,2010,pending,
294,Yo Te Esperaré,Cali Y El Dandee,3 A.M.,HITSTER - DIY,Playlist,ES5701200110,0mGvaKpwLYoybnIoboC3uS,0mGvaKpwLYoybnIoboC3uS,spotify:track:0mGvaKpwLYoybnIoboC3uS,3 A.M.,,2011,pending,
295,Tombola,Marisol,Tombola,HITSTER - DIY,Playlist,ES71G1305901,6xunIjRX7KeF4OxFkpPeZO,6xunIjRX7KeF4OxFkpPeZO,spotify:track:6xunIjRX7KeF4OxFkpPeZO,Tombola,,1962,pending,
296,Say It Right,Nelly Furtado,Loose,HITSTER - DIY,Playlist,USUM70603368,2aI21FnmY7TJVKeMaoQZ0t,2aI21FnmY7TJVKeMaoQZ0t,spotify:track:2aI21FnmY7TJVKeMaoQZ0t,Loose,,2006,pending,
297,Vivo Cantando,Salomé,Todo Lo Mejor,HITSTER - DIY,Playlist,ES5378900013,059G9tpE3kl6wz3kiddaN0,059G9tpE3kl6wz3kiddaN0,spotify:track:059G9tpE3kl6wz3kiddaN0,Todo Lo Mejor,,1969,pending,
298,En el Amor Todo Es Empezar (A far l'amore comincia tu) - Spanish Version,Raffaella Carrà,Grande Raffaella,HITSTER - DIY,Playlist,ITM009900702,4bE1OpWxbtFOdNDF7rJMta,4bE1OpWxbtFOdNDF7rJMta,spotify:track:4bE1OpWxbtFOdNDF7rJMta,Grande Raffaella,,1976,pending,
299,How You Remind Me,Nickelback,Silver Side Up,HITSTER - DIY,Playlist,NLA320119533,0gmbgwZ8iqyMPmXefof8Yf,0gmbgwZ8iqyMPmXefof8Yf,spotify:track:0gmbgwZ8iqyMPmXefof8Yf,Silver Side Up,,2001,pending,
300,Me Quedo Contigo,Los Chunguitos,Cara A Cara,HITSTER - DIY,Playlist,ES5088004963,3ROd8cCRdRJpeh6P2zTAJk,3ROd8cCRdRJpeh6P2zTAJk,spotify:track:3ROd8cCRdRJpeh6P2zTAJk,Cara A Cara,,1980,pending,
301,Felices los 4,Maluma,F.A.M.E.,HITSTER - DIY,Playlist,USSD11700134,1RouRzlg8OKFeqc6LvdxmB,1RouRzlg8OKFeqc6LvdxmB,spotify:track:1RouRzlg8OKFeqc6LvdxmB,F.A.M.E.,,2018,pending,
302,These Boots Are Made For Walkin',Nancy Sinatra,Boots,HITSTER - DIY,Playlist,USASE0500005,2nwCO1PqpvyoFIvq3Vrj8N,2nwCO1PqpvyoFIvq3Vrj8N,spotify:track:2nwCO1PqpvyoFIvq3Vrj8N,Boots,,1965,pending,
303,La Bamba - Single Version,Ritchie Valens,Ritchie Valens,HITSTER - DIY,Playlist,USRH10402003,2aEeghgUcnu75tzcolFMfs,2aEeghgUcnu75tzcolFMfs,spotify:track:2aEeghgUcnu75tzcolFMfs,Ritchie Valens,,1958,pending,
304,Canta y Sé Feliz,Peret,La Salsa De La Rumba,HITSTER - DIY,Playlist,ES5020100275,4xuQ7KieQmHXiYdh965WQR,4xuQ7KieQmHXiYdh965WQR,spotify:track:4xuQ7KieQmHXiYdh965WQR,La Salsa De La Rumba,,1974,pending,
305,Born To Be Wild,Steppenwolf,Steppenwolf,HITSTER - DIY,Playlist,USMC16846563,63OFKbMaZSDZ4wtesuuq6f,63OFKbMaZSDZ4wtesuuq6f,spotify:track:63OFKbMaZSDZ4wtesuuq6f,Steppenwolf,,1968,pending,
306,Eva Maria,Formula V,Ayer Y Hoy,HITSTER - DIY,Playlist,ES5709904335,5fc3XWSpJo6jTlbjnhGOJQ,5fc3XWSpJo6jTlbjnhGOJQ,spotify:track:5fc3XWSpJo6jTlbjnhGOJQ,Ayer Y Hoy,,1973,pending,
307,Piece of My Heart,Erma Franklin,Erma Franklin: Piece Of Her Heart - The Epic And Shout Years,HITSTER - DIY,Playlist,USSM11100157,2GbePPrWWSRxcmW6QRSPae,2GbePPrWWSRxcmW6QRSPae,spotify:track:2GbePPrWWSRxcmW6QRSPae,Erma Franklin: Piece Of Her Heart - The Epic And Shout Years,,1967,pending,
308,Somebody That I Used To Know,Gotye,Making Mirrors,HITSTER - DIY,Playlist,AUZS21100040,1qDrWA6lyx8cLECdZE7TV7,1qDrWA6lyx8cLECdZE7TV7,spotify:track:1qDrWA6lyx8cLECdZE7TV7,Making Mirrors,,2011,pending,
,,,,,,,,,,,,,,
,,,,,,,,,,,,,,
,,,,,,,,,,,,,,
,,,,,,,,,,,,,,
,,,,,,,,,,,,,,
,,,,,,,,,,,,,,
,,,,,,,,,,,,,,
,,,,,,,,,,,,,,
,,,,,,,,,,,,,,
,,,,,,,,,,,,,,
,,,,,,,,,,,,,,
,,,,,,,,,,,,,,
,,,,,,,,,,,,,,
,,,,,,,,,,,,,,
,,,,,,,,,,,,,,
,,,,,,,,,,,,,,
,,,,,,,,,,,,,,
,,,,,,,,,,,,,,
,,,,,,,,,,,,,,
,,,,,,,,,,,,,,
,,,,,,,,,,,,,,
,,,,,,,,,,,,,,
,,,,,,,,,,,,,,
,,,,,,,,,,,,,,
,,,,,,,,,,,,,,
,,,,,,,,,,,,,,
,,,,,,,,,,,,,,
,,,,,,,,,,,,,,
,,,,,,,,,,,,,,
,,,,,,,,,,,,,,
,,,,,,,,,,,,,,
,,,,,,,,,,,,,,
,,,,,,,,,,,,,,
,,,,,,,,,,,,,,
,,,,,,,,,,,,,,
,,,,,,,,,,,,,,
,,,,,,,,,,,,,,
,,,,,,,,,,,,,,
,,,,,,,,,,,,,,
,,,,,,,,,,,,,,
,,,,,,,,,,,,,,
,,,,,,,,,,,,,,
,,,,,,,,,,,,,,
,,,,,,,,,,,,,,
,,,,,,,,,,,,,,
,,,,,,,,,,,,,,
,,,,,,,,,,,,,,
,,,,,,,,,,,,,,
,,,,,,,,,,,,,,
,,,,,,,,,,,,,,
,,,,,,,,,,,,,,
,,,,,,,,,,,,,,
,,,,,,,,,,,,,,
,,,,,,,,,,,,,,
,,,,,,,,,,,,,,
,,,,,,,,,,,,,,
,,,,,,,,,,,,,,
,,,,,,,,,,,,,,
,,,,,,,,,,,,,,
,,,,,,,,,,,,,,
,,,,,,,,,,,,,,
,,,,,,,,,,,,,,
,,,,,,,,,,,,,,
,,,,,,,,,,,,,,
,,,,,,,,,,,,,,
,,,,,,,,,,,,,,
,,,,,,,,,,,,,,
,,,,,,,,,,,,,,
,,,,,,,,,,,,,,
,,,,,,,,,,,,,,
,,,,,,,,,,,,,,
,,,,,,,,,,,,,,
,,,,,,,,,,,,,,
,,,,,,,,,,,,,,
,,,,,,,,,,,,,,
,,,,,,,,,,,,,,
,,,,,,,,,,,,,,
,,,,,,,,,,,,,,
,,,,,,,,,,,,,,
,,,,,,,,,,,,,,
,,,,,,,,,,,,,,
,,,,,,,,,,,,,,
,,,,,,,,,,,,,,
,,,,,,,,,,,,,,
,,,,,,,,,,,,,,
,,,,,,,,,,,,,,
,,,,,,,,,,,,,,
,,,,,,,,,,,,,,
,,,,,,,,,,,,,,
,,,,,,,,,,,,,,
,,,,,,,,,,,,,,
,,,,,,,,,,,,,,
,,,,,,,,,,,,,,
,,,,,,,,,,,,,,
,,,,,,,,,,,,,,
,,,,,,,,,,,,,,
,,,,,,,,,,,,,,
,,,,,,,,,,,,,,
,,,,,,,,,,,,,,
,,,,,,,,,,,,,,
,,,,,,,,,,,,,,
,,,,,,,,,,,,,,
,,,,,,,,,,,,,,
,,,,,,,,,,,,,,
,,,,,,,,,,,,,,
,,,,,,,,,,,,,,
,,,,,,,,,,,,,,
,,,,,,,,,,,,,,
,,,,,,,,,,,,,,
,,,,,,,,,,,,,,
,,,,,,,,,,,,,,
,,,,,,,,,,,,,,
,,,,,,,,,,,,,,
,,,,,,,,,,,,,,
,,,,,,,,,,,,,,
,,,,,,,,,,,,,,
,,,,,,,,,,,,,,
,,,,,,,,,,,,,,
,,,,,,,,,,,,,,
,,,,,,,,,,,,,,
,,,,,,,,,,,,,,
,,,,,,,,,,,,,,
,,,,,,,,,,,,,,
,,,,,,,,,,,,,,
,,,,,,,,,,,,,,
,,,,,,,,,,,,,,
,,,,,,,,,,,,,,
,,,,,,,,,,,,,,
,,,,,,,,,,,,,,
,,,,,,,,,,,,,,
,,,,,,,,,,,,,,
,,,,,,,,,,,,,,
,,,,,,,,,,,,,,
,,,,,,,,,,,,,,
,,,,,,,,,,,,,,
